menuItem,city
"Работа в България | https://www.alo.bg/obiavi/rabota/rabota-v-stranata-predlaga/",
"Работа в България | https://www.alo.bg/obiavi/rabota/rabota-v-stranata-predlaga/",
"Работа в България | https://www.alo.bg/obiavi/rabota/rabota-v-stranata-predlaga/",
"Работа в България | https://www.alo.bg/obiavi/rabota/rabota-v-stranata-predlaga/",
"Работа в България | https://www.alo.bg/obiavi/rabota/rabota-v-stranata-predlaga/",
"Работа в България | https://www.alo.bg/obiavi/rabota/rabota-v-stranata-predlaga/",
"Работа в България | https://www.alo.bg/obiavi/rabota/rabota-v-stranata-predlaga/",
"Работа в България | https://www.alo.bg/obiavi/rabota/rabota-v-stranata-predlaga/",
"Работа в България | https://www.alo.bg/obiavi/rabota/rabota-v-stranata-predlaga/",
"Работа в България | https://www.alo.bg/obiavi/rabota/rabota-v-stranata-predlaga/",
"Работа в България | https://www.alo.bg/obiavi/rabota/rabota-v-stranata-predlaga/",
"Работа в България | https://www.alo.bg/obiavi/rabota/rabota-v-stranata-predlaga/",
"Работа в България | https://www.alo.bg/obiavi/rabota/rabota-v-stranata-predlaga/",
"Работа в България | https://www.alo.bg/obiavi/rabota/rabota-v-stranata-predlaga/",
"Работа в България | https://www.alo.bg/obiavi/rabota/rabota-v-stranata-predlaga/",
"Работа в България | https://www.alo.bg/obiavi/rabota/rabota-v-stranata-predlaga/",
"Работа в България | https://www.alo.bg/obiavi/rabota/rabota-v-stranata-predlaga/",
"Работа в България | https://www.alo.bg/obiavi/rabota/rabota-v-stranata-predlaga/",
"Работа в България | https://www.alo.bg/obiavi/rabota/rabota-v-stranata-predlaga/",
"Работа в България | https://www.alo.bg/obiavi/rabota/rabota-v-stranata-predlaga/",
"Работа в България | https://www.alo.bg/obiavi/rabota/rabota-v-stranata-predlaga/",
"Работа в България | https://www.alo.bg/obiavi/rabota/rabota-v-stranata-predlaga/",
"Работа в България | https://www.alo.bg/obiavi/rabota/rabota-v-stranata-predlaga/",
"Работа в България | https://www.alo.bg/obiavi/rabota/rabota-v-stranata-predlaga/",
"Работа в България | https://www.alo.bg/obiavi/rabota/rabota-v-stranata-predlaga/",
"Работа в България | https://www.alo.bg/obiavi/rabota/rabota-v-stranata-predlaga/",
"Работа в България | https://www.alo.bg/obiavi/rabota/rabota-v-stranata-predlaga/",
"Работа в България | https://www.alo.bg/obiavi/rabota/rabota-v-stranata-predlaga/",
"Работа в България | https://www.alo.bg/obiavi/rabota/rabota-v-stranata-predlaga/",
"Работа в България | https://www.alo.bg/obiavi/rabota/rabota-v-stranata-predlaga/",
"Работа в България | https://www.alo.bg/obiavi/rabota/rabota-v-stranata-predlaga/",
"Търсят работа | https://www.alo.bg/obiavi/rabota/tarsiat-rabota/",
"Търсят работа | https://www.alo.bg/obiavi/rabota/tarsiat-rabota/",
"Търсят работа | https://www.alo.bg/obiavi/rabota/tarsiat-rabota/",
"Търсят работа | https://www.alo.bg/obiavi/rabota/tarsiat-rabota/",
"Търсят работа | https://www.alo.bg/obiavi/rabota/tarsiat-rabota/",
"Търсят работа | https://www.alo.bg/obiavi/rabota/tarsiat-rabota/",
"Търсят работа | https://www.alo.bg/obiavi/rabota/tarsiat-rabota/",
"Търсят работа | https://www.alo.bg/obiavi/rabota/tarsiat-rabota/",
"Търсят работа | https://www.alo.bg/obiavi/rabota/tarsiat-rabota/",
"Търсят работа | https://www.alo.bg/obiavi/rabota/tarsiat-rabota/",
"Търсят работа | https://www.alo.bg/obiavi/rabota/tarsiat-rabota/",
"Търсят работа | https://www.alo.bg/obiavi/rabota/tarsiat-rabota/",
"Търсят работа | https://www.alo.bg/obiavi/rabota/tarsiat-rabota/",
"Търсят работа | https://www.alo.bg/obiavi/rabota/tarsiat-rabota/",
"Търсят работа | https://www.alo.bg/obiavi/rabota/tarsiat-rabota/",
"Търсят работа | https://www.alo.bg/obiavi/rabota/tarsiat-rabota/",
"Търсят работа | https://www.alo.bg/obiavi/rabota/tarsiat-rabota/",
"Търсят работа | https://www.alo.bg/obiavi/rabota/tarsiat-rabota/",
"Търсят работа | https://www.alo.bg/obiavi/rabota/tarsiat-rabota/",
"Търсят работа | https://www.alo.bg/obiavi/rabota/tarsiat-rabota/",
"Търсят работа | https://www.alo.bg/obiavi/rabota/tarsiat-rabota/",
"Търсят работа | https://www.alo.bg/obiavi/rabota/tarsiat-rabota/",
"Търсят работа | https://www.alo.bg/obiavi/rabota/tarsiat-rabota/",
"Търсят работа | https://www.alo.bg/obiavi/rabota/tarsiat-rabota/",
"Търсят работа | https://www.alo.bg/obiavi/rabota/tarsiat-rabota/",
"Търсят работа | https://www.alo.bg/obiavi/rabota/tarsiat-rabota/",
