subSubName,mainMenuName,title,url,price,description
"–æ–±–ª–∞—Å—Ç –í–µ–ª–∏–∫–æ –¢—ä—Ä–Ω–æ–≤–æ",–†–∞–±–æ—Ç–∞,"–ú–∞–≥–∞–∑–∏–Ω –∑–∞ –ø–ª–æ–¥–æ–≤–µ –∏ –∑–µ–ª–µ–Ω—á—É—Ü–∏ —Ç—ä—Ä—Å–∏ –ø—Ä–æ–¥–∞–≤–∞—á–∫–∞",https://www.alo.bg/9156008,,"–°–æ—Ñ–∏—è, –°—Ç—É–¥–µ–Ω—Ç—Å–∫–∏ –≥—Ä–∞–¥, –º–∞–≥–∞–∑–∏–Ω –∑–∞ –ø–ª–æ–¥–æ–≤–µ –∏ –∑–µ–ª–µ–Ω—á—É—Ü–∏ —Ç—ä—Ä—Å–∏ –ø—Ä–æ–¥–∞–≤–∞—á–∫–∞, –º–æ–∂–µ –∏ –±–µ–∑ –æ–ø–∏—Ç. –ü—Ä–∏ –Ω—É–∂–¥–∞ –ø—Ä–µ–¥–ª–∞–≥–∞ –±–µ–∑–ø–ª–∞—Ç–Ω–∞ –∫–≤–∞—Ä—Ç–∏—Ä–∞. –°—Ç–∞—Ä—Ç–æ–≤–∞ –∑–∞–ø–ª–∞—Ç–∞ - 2 900 –ª–≤. + –±–æ–Ω—É—Å–∏ –ó–∞ –ø–æ–≤–µ—á–µ –∏–Ω—Ñ–æ—Ä–º–∞—Ü–∏—è, –æ–±–∞–¥–µ—Ç–µ —Å–µ –Ω–∞ –ø–æ—Å–æ—á–µ–Ω–∏—è —Ç–µ–ª–µ—Ñ–æ–Ω –∑–∞ –∫–æ–Ω—Ç–∞–∫—Ç–∏"
"–æ–±–ª–∞—Å—Ç –í–µ–ª–∏–∫–æ –¢—ä—Ä–Ω–æ–≤–æ",–†–∞–±–æ—Ç–∞,"–ü—Ä–µ–¥–ª–∞–≥–∞–º–µ —Ä–∞–±–æ—Ç–∞ –∑–∞ –º–µ–∂–¥—É–Ω–∞—Ä–æ–¥–Ω–∏ —à–æ—Ñ—å–æ—Ä–∏, –≤—ä—Ç—Ä–µ—à–Ω–æ –≤ –ï–≤—Ä–æ–ø–∞, —Ñ–∏–∫—Å–∏—Ä–∞–Ω–∞ –ª–∏–Ω–∏—è",https://www.alo.bg/8605948,,"–ú–µ–∂–¥—É–Ω–∞—Ä–æ–¥–µ–Ω –®–æ—Ñ—å–æ—Ä –ü—Ä–µ–¥–ª–∞–≥–∞–º–µ —Ä–∞–±–æ—Ç–∞ –∑–∞ –º–µ–∂–¥—É–Ω–∞—Ä–æ–¥–Ω–∏ —à–æ—Ñ—å–æ—Ä–∏, –≤—ä—Ç—Ä–µ—à–Ω–æ –≤ –ï–≤—Ä–æ–ø–∞: –§–∏–∫—Å–∏—Ä–∞–Ω–∞ –ª–∏–Ω–∏—è DHL Regensburg –ì–µ—Ä–º–∞–Ω–∏—è-–ê–≤—Å—Ç—Ä–∏—è-–ì–µ—Ä–º–∞–Ω–∏—è BDF –ö–æ–Ω—Ç–µ–π–Ω–µ—Ä–∏. (—Ö–µ–Ω–≥–µ—Ä, –¥–≤–æ–π–Ω–æ-—á—É–ø–µ–Ω–µ) –ò–ó–ò–°–ö–í–ê–ù–ò–Ø: –û–ø–∏—Ç –∫–∞—Ç–æ –º–µ–∂–¥—É–Ω–∞—Ä–æ–¥–µ–Ω —à–æ—Ñ—å–æ—Ä - –∂–µ–ª–∞—Ç–µ–ª–Ω–æ –ö–∞—Ç–µ–≥–æ—Ä–∏—è ‚ÄùC+–ï‚Äù –ü—Ä–æ—Ñ–µ—Å–∏–æ–Ω–∞–ª–Ω–∞ –∫–æ–º–ø–µ—Ç–µ–Ω—Ç–Ω–æ—Å—Ç –í–∞–ª–∏–¥–Ω–æ —Å–≤–∏–¥–µ—Ç–µ–ª—Å—Ç–≤–æ –∑–∞ –ø—Å–∏—Ö–æ–ª–æ–≥–∏—á–µ—Å–∫–∞ –≥–æ–¥–Ω–æ—Å—Ç –ö–∞—Ä—Ç–∞ –∑–∞ –¥–∏–≥–∏—Ç–∞–ª–µ–Ω —Ç–∞—Ö–æ–≥—Ä–∞—Ñ –ë–∏–æ–≥—Ä–∞—Ñ–∏—è –£–º–µ–Ω–∏—è –∑–∞ —Ä–∞–±–æ—Ç–∞ —Å —Ç–µ–ª–µ—Ñ–æ–Ω –ù–∏–µ –ø—Ä–µ–¥–ª–∞–≥–∞–º–µ: –ú–µ—Å–µ—á–Ω–æ –≤—ä–∑–Ω–∞–≥—Ä–∞–∂–¥–µ–Ω–∏–µ –æ—Ç 3000 –¥–æ 3300 –µ–≤—Ä–æ/–Ω–µ—Ç–æ. –ó–∞–ø–ª–∞—â–∞–Ω–µ –Ω–∞ –≤—Å—è–∫–∞ —Ç—Ä–µ—Ç–∞ —Å–µ–¥–º–∏—Ü–∞. –ë—ä–ª–≥–∞—Ä—Å–∫–∏ –¥–æ–≥–æ–≤–æ—Ä –∏ –æ—Å–∏–≥—É—Ä–æ–≤–∫–∏. K–∞–º–∏–æ–Ω–∏ VOLVO, MAN, Mercedes EURO 6 (—Ö–µ–Ω–≥–µ—Ä, —à–µ–π—Ç–∞–Ω, –¥–≤–æ–π.."
"–æ–±–ª–∞—Å—Ç –í–µ–ª–∏–∫–æ –¢—ä—Ä–Ω–æ–≤–æ",–†–∞–±–æ—Ç–∞,"–î–∏—Å—Ç–∞–Ω—Ü–∏–æ–Ω–Ω–∞ —Ä–∞–±–æ—Ç–∞ - —Å—ä–∑–¥–∞–≤–∞–Ω–µ –Ω–∞ –Ω–æ–≤–∏ CRM –∞–∫–∞—É–Ω—Ç–∏",https://www.alo.bg/9150275,,"–¢—ä—Ä—Å—è—Ç —Å–µ —Å–ª—É–∂–∏—Ç–µ–ª–∏ –≤ –∫–æ–º–ø–∞–Ω–∏—è—Ç–∞ CRM Kraft :)üö® –°–ø–µ—à–Ω–æ —Ç—ä—Ä—Å–∏–º –Ω–æ–≤ —Å–ª—É–∂–∏—Ç–µ–ª –∑–∞ —Å–ª–µ–¥–Ω–∏—Ç–µ –¥–µ–π–Ω–æ—Å—Ç–∏: - –í–∫–ª—é—á–≤–∞–Ω–µ –Ω–∞ –∫–ª–∏–µ–Ω—Ç–∏ –∏ —Å—ä–∑–¥–∞–≤–∞–Ω–µ –Ω–∞ –Ω–æ–≤–∏ –∞–∫–∞—É–Ω—Ç–∏ –í–∏–µ –Ω–∞—Å—Ç—Ä–æ–π–≤–∞—Ç–µ CRM —Å–∏—Å—Ç–µ–º–∞—Ç–∞ –∑–∞ –∫–ª–∏–µ–Ω—Ç–∏ –≤—ä–∑ –æ—Å–Ω–æ–≤–∞ –Ω–∞ —à–∞–±–ª–æ–Ω –∏ —Å—ä–∑–¥–∞–≤–∞—Ç–µ –Ω–æ–≤–∏ CRM –ø–æ—Ç—Ä–µ–±–∏—Ç–µ–ª–∏. –í–∏–µ —Å—Ç–µ –ø–æ–¥—Ö–æ–¥—è—â–∏, –∞–∫–æ —Å–ª–µ–¥–Ω–∏—Ç–µ –Ω–µ—â–∞ —Å–µ –æ—Ç–Ω–∞—Å—è—Ç –∑–∞ –≤–∞—Åü§ù: - 1Ô∏è‚É£–∏–º–∞—Ç–µ –ø–æ–Ω–µ 10 —á–∞—Å–∞ —Å–µ–¥–º–∏—á–Ω–æ üïñ - 2Ô∏è‚É£–í–∏–µ –ù–Ø–ú–ê–¢–ï –ø–æ—Å—Ç–æ—è–Ω–Ω–∞ —Ä–∞–±–æ—Ç–∞ –Ω–∞ –ø—ä–ª–µ–Ω —Ä–∞–±–æ—Ç–µ–Ω –¥–µ–Ω –∏ —Å–ª–µ–¥–æ–≤–∞—Ç–µ–ª–Ω–æ –∏–º–∞—Ç–µ –≥—ä–≤–∫–∞–≤ –≥—Ä–∞—Ñ–∏–∫ –∏ –º–æ–∂–µ—Ç–µ –¥–∞ –≤—ä—Ä—à–∏—Ç–µ –Ω–µ—â–∞—Ç–∞ –±—ä—Ä–∑–æ - 3Ô∏è‚É£–ú–æ–∂–µ—Ç–µ –¥–∞ —Å–∏ –ø—Ä–µ–¥—Å—Ç–∞–≤–∏—Ç–µ –¥–∞ —Ä–∞–±–æ—Ç–∏—Ç–µ –Ω–∞ –ø—ä–ª–µ–Ω —Ä–∞–±–æ—Ç–µ–Ω –¥–µ–Ω –≤ –¥—ä–ª–≥–æ—Å—Ä–æ—á–µ–Ω –ø–ª–∞–Ω (—Ç.–µ. –¥–∞ —É–≤–µ–ª–∏—á–∏—Ç–µ –¥–æ 30-40 —á–∞—Å–∞ —Å–µ–¥–º–∏—á–Ω–æ.."
"–æ–±–ª–∞—Å—Ç –í–µ–ª–∏–∫–æ –¢—ä—Ä–Ω–æ–≤–æ",–†–∞–±–æ—Ç–∞,"–ö–æ–Ω—Ç—Ä–æ–ª–∏–Ω–≥ –Ω–∞ –ø—Ä–æ–¥–∞–∂–±–∏—Ç–µ - –î–∏—Å—Ç–∞–Ω—Ü–∏–æ–Ω–Ω–∞ —Ä–∞–±–æ—Ç–∞",https://www.alo.bg/9131549,,"–¢—ä—Ä—Å—è—Ç —Å–µ —Å–ª—É–∂–∏—Ç–µ–ª–∏ –≤ –∫–æ–º–ø–∞–Ω–∏—è—Ç–∞ CRM Kraft :)üö® –°–ø–µ—à–Ω–æ —Ç—ä—Ä—Å–∏–º –Ω–æ–≤ —Å–ª—É–∂–∏—Ç–µ–ª –∑–∞ —Å–ª–µ–¥–Ω–∏—Ç–µ –¥–µ–π–Ω–æ—Å—Ç–∏: - –ö–æ–Ω—Ç—Ä–æ–ª –Ω–∞ –ø—Ä–æ–¥–∞–∂–±–∏—Ç–µ –í–∏–µ –ø—Ä–æ–≤–µ—Ä—è–≤–∞—Ç–µ —Ç–æ—á–Ω–æ—Å—Ç—Ç–∞ –Ω–∞ –ø—Ä–æ–¥–∞–∂–±–∏—Ç–µ –∏ –º–∞—Ä–∫–µ—Ç–∏–Ω–≥–æ–≤–∏—Ç–µ –ø–ª–∞—â–∞–Ω–∏—è, –∏–∑–≤—ä—Ä—à–≤–∞—Ç–µ –æ—Ü–µ–Ω–∫–∏ –∏ –ø–æ —Ç–æ–∑–∏ –Ω–∞—á–∏–Ω –Ω–∞—Å—ä—Ä—á–∞–≤–∞—Ç–µ —Ä–µ–Ω—Ç–∞–±–∏–ª–Ω–æ—Å—Ç—Ç–∞ –Ω–∞ –∫–æ–º–ø–∞–Ω–∏—è—Ç–∞. –í–∏–µ —Å—Ç–µ –ø–æ–¥—Ö–æ–¥—è—â–∏, –∞–∫–æ —Å–ª–µ–¥–Ω–∏—Ç–µ –Ω–µ—â–∞ —Å–µ –æ—Ç–Ω–∞—Å—è—Ç –∑–∞ –≤–∞—Åü§ù: - 1Ô∏è‚É£–∏–º–∞—Ç–µ –ø–æ–Ω–µ 20 —á–∞—Å–∞ —Å–µ–¥–º–∏—á–Ω–æ üïñ - 2Ô∏è‚É£–ò–º–∞—Ç–µ –≤—Ä–µ–º–µ –º–µ–∂–¥—É 9 –∏ 12—á. - 3Ô∏è‚É£–ú–æ–∂–µ—Ç–µ –¥–∞ —Å–∏ –ø—Ä–µ–¥—Å—Ç–∞–≤–∏—Ç–µ –¥–∞ –∏–∑–≤—ä—Ä—à–≤–∞—Ç–µ –∫–æ–Ω—Ç—Ä–æ–ª –Ω–∞ –ø—Ä–æ–¥–∞–∂–±–∏—Ç–µ –≤ –¥—ä–ª–≥–æ—Å—Ä–æ—á–µ–Ω –ø–ª–∞–Ω (—Ç.–µ. –¥–∞ —É–≤–µ–ª–∏—á–∏—Ç–µ –¥–æ 30-40 —á–∞—Å–∞ —Å–µ–¥–º–∏—á–Ω–æ –∑–∞ 1-2 –º–µ—Å–µ—Ü–∞) - 4Ô∏è‚É£ –í–∏–µ —Å—Ç–µ –º–Ω–æ–≥–æ –Ω–∞–¥–µ–∂–¥–Ω–∏ –∏ —Ç–æ—á–Ω–∏ - 5Ô∏è‚É£–ì–æ.."
"–æ–±–ª–∞—Å—Ç –í–µ–ª–∏–∫–æ –¢—ä—Ä–Ω–æ–≤–æ",–†–∞–±–æ—Ç–∞,"–ü–æ–¥–¥—Ä—ä–∂–∫–∞ –∫—ä–º–ø–∏–Ω–≥",https://www.alo.bg/8740683,,"–¢—ä—Ä—Å—è —Å–ø–µ—à–Ω–æ –æ—Ç–≥–æ–≤–æ—Ä–µ–Ω –∏ —Ñ–∏–∑–∏—á–µ—Å–∫–∏ –∑–¥—Ä–∞–≤ —á–æ–≤–µ–∫ –∑–∞ –ø–æ–¥–¥—Ä—ä–∂–∫–∞ –Ω–∞ –∫—ä–º–ø–∏–Ω–≥. –†–∞–±–æ—Ç–∞—Ç–∞ –µ —Å–≤—ä—Ä–∑–∞–Ω–∞ —Å –ø–æ–¥–¥—Ä—ä–∂–∫–∞ –Ω–∞ —Ç–µ—Ä–µ–Ω–∏—Ç–µ- –∫–æ—Å–µ–Ω–µ –Ω–∞ —Ç—Ä–µ–≤–∞, –ø—Ä–µ–∫–æ–ø–∞–≤–∞–Ω–µ –Ω–∞ –¥—Ä—ä–≤—á–µ—Ç–∞, —Ç–æ—Ä–µ–Ω–µ, –ø–æ—á–∏—Å—Ç–≤–∞–Ω–µ, –∫–æ–Ω—Ç—Ä–æ–ª –Ω–∞ –¥–æ—Å—Ç—ä–ø–∞ –Ω–∞ —Ö–æ—Ä–∞, –ª–µ–∫–∏ —Ä–µ–º–æ–Ω—Ç–Ω–∏ –¥–µ–π–Ω–æ—Å—Ç–∏. –ü—Ä–µ–∑ –∑–∏–º–∞—Ç–∞ –∑–∞–ø–ª–∞—Ç–∞—Ç–∞ –µ 1300–ª–≤., –∞ –ø—Ä–µ–∑ –ø—Ä–æ–ª–µ—Ç—Ç–∞ –∏ –ª—è—Ç–æ—Ç–æ —Å–µ –ø–æ–≤–∏—à–∞–≤–∞ –≤ –∑–∞–≤–∏—Å–∏–º–æ—Å—Ç –æ—Ç –ø–æ–µ—Ç–∏—Ç–µ –æ—Ç–≥–æ–≤–æ—Ä–Ω–æ—Å—Ç–∏. –ù–µ–æ–±—Ö–æ–¥–∏–º–æ –µ –¥–∞ –∏–º–∞—Ç–µ —É–º–µ–Ω–∏—è –∑–∞ –±–æ—Ä–∞–≤–µ–Ω–µ —Å –≥—Ä–∞–¥–∏–Ω—Å–∫–∞ —Ç–µ—Ö–Ω–∏–∫–∞ –∫–∞—Ç–æ: —Ç—Ä–∏–º–µ—Ä, –±–µ–Ω–∑–∏–Ω–æ–≤–∞ –∫–æ—Å–∞—á–∫–∞, –ø—Ä—ä—Å–∫–∞—á–∫–∞, –∫–∞–∫—Ç–æ –∏ –ø–æ–∑–Ω–∞–Ω–∏—è –∑–∞ –ª–µ–∫–∏ —Ä–µ–º–æ–Ω—Ç–∏ –ø–æ –ï–õ. –∏ –í–∏–ö. –ó–∞–¥—ä–ª–∂–∏—Ç–µ–ª–Ω–æ –µ –ø—Ä–∏—Ç–µ–∂–∞–≤–∞–Ω–µ—Ç–æ –Ω–∞ –≤–∞–ª–∏–¥–Ω–∞ —à–æ—Ñ—å–æ—Ä—Å–∫–∞ –∫–Ω–∏–∂–∫–∞ –∫–∞—Ç. –í, –∑–∞—â–æ—Ç–æ —Å–µ –Ω–∞–ª–∞–≥–∞ –≤—ä–≤ –≤—Ä—ä–∑–∫–∞ —Å —Ä–∞–±–æ—Ç–∞—Ç–∞ –∏–∑–ø.."
"–æ–±–ª–∞—Å—Ç –í–µ–ª–∏–∫–æ –¢—ä—Ä–Ω–æ–≤–æ",–†–∞–±–æ—Ç–∞,"–¢—ä—Ä—Å–∏–º —Å—Ç—Ä–æ–∏—Ç–µ–ª–Ω–∏ —Ä–∞–±–æ—Ç–Ω–∏—Ü–∏",https://www.alo.bg/9123448,,"–°—Ç—Ä–æ–∏—Ç–µ–ª–Ω–∞ —Ñ–∏—Ä–º–∞ –≤ –≥—Ä. –°–æ—Ñ–∏—è —Å –¥—ä–ª–≥–æ–≥–æ–¥–∏—à–µ–Ω –æ–ø–∏—Ç —Ç—ä—Ä—Å–∏ –¥–∞ –Ω–∞–∑–Ω–∞—á–∏ –Ω–∞ –ø–æ—Å—Ç–æ—è–Ω–µ–Ω —Ç—Ä—É–¥–æ–≤ –¥–æ–≥–æ–≤–æ—Ä —Å—Ç—Ä–æ–∏—Ç–µ–ª–Ω–∏ —Ä–∞–±–æ—Ç–Ω–∏—Ü–∏. –ò–∑–≤—ä—Ä—à–≤–∞–º–µ –≤—Å—è–∫–∞–∫—ä–≤ –≤–∏–¥ –°–ú–†- –ï–ª. –í–∏–ö, –∫—ä—Ä—Ç–µ–Ω–µ, –º–∞–∑–∞–Ω–µ, —Ç–æ–ø–ª–æ –∏ —Ö–∏–¥—Ä–æ –∏–∑–æ–ª–∞—Ü–∏–∏, —Ñ–∞—è–Ω—Å, –≥–∏–ø—Å–æ–∫–∞—Ä—Ç–æ–Ω, —à–ø–∞–∫–ª–æ–≤–∫–∏, –±–æ—è–¥–∏—Å–≤–∞–Ω–µ –∏ –¥—Ä—É–≥–∏. –†–∞–±–æ—Ç–Ω–æ –≤—Ä–µ–º–µ: –æ—Ç 08,00—á. –¥–æ 17,00—á. –ù–µ–¥–µ–ª—è: –ø–æ—á–∏–≤–µ–Ω –¥–µ–Ω –û–±–µ–∫—Ç–∏—Ç–µ –Ω–∏ —Å–µ –Ω–∞–º–∏—Ä–∞—Ç –≤ –°–æ—Ñ–∏—è. –í—ä–∑–º–æ–∂–Ω–æ—Å—Ç –∑–∞ –∑–∞–ø–æ—á–≤–∞–Ω–µ –≤–µ–¥–Ω–∞–≥–∞. –ê—Ç—Ä–∞–∫—Ç–∏–≤–Ω–æ –∏ —Ä–µ–¥–æ–≤–Ω–æ –∑–∞–ø–ª–∞—â–∞–Ω–µ!"
"–æ–±–ª–∞—Å—Ç –í–µ–ª–∏–∫–æ –¢—ä—Ä–Ω–æ–≤–æ",–†–∞–±–æ—Ç–∞,"–ù–∞–µ–º–∞–º–µ –∫–∞–º–µ–Ω–æ–¥–µ–ª–µ—Ü",https://www.alo.bg/9072935,,"–ù–∞–µ–º–∞ –∫–∞–º–µ–Ω–æ–¥–µ–ª–µ—Ü –æ—Ç –±–≥ –µ—Ç–Ω–æ—Å. –î—ä—Ä–∂–∏–º –Ω–∞ –ü–ï–†–§–ï–ö–¢–ù–û –∫–∞—á–µ—Å—Ç–≤–æ. –°—É—Ö–∞ –∑–∏–¥–∞—Ä–∏—è –∫—ä—â–∏, –∫–æ–º–∏–Ω–∏, –∫–∞–º–∏–Ω–∏ –∏ –¥—Ä—É–≥–∏. –û–ø–∏—Ç –º–∏–Ω. 10–≥. –î—è–ª–∞–Ω –∫–∞–º—ä–∫ -–≥—Ä–∞–Ω–∏—Ç /–∑–∏–¥–∞–Ω–µ /–∫–æ–º–∏–Ω–∏ /—à–∞–ø–∫–∏/ –∏ –¥—Ä –ë–∞–Ω—è, –ø–æ–¥ –∏ –¥—Ä –≤—ä–Ω—à–Ω–∏ –Ω–∞—Å—Ç–∏–ª–∫–∏ - —Ä–µ–¥–µ–Ω–µ –≥—Ä–∞–Ω–∏—Ç –∫–∞–º—ä–∫/—Ä–∏—Å—É–Ω–∞–∫ –ì—Ä–∞–¥–∏–Ω–∞ -—Å—Ç—ä–ø–∞–ª–∞, –ø–ª–æ—Ç–æ–≤–µ, –º–∏–≤–∫–∏ –∏ –¥—Ä –∫–∞–º—ä–∫ –µ–ª–µ–º–µ–Ω—Ç–∏ –í—Å–∏—á–∫–æ —Å–µ —Ä–µ–∂–µ, –∏–∑—á—É–∫–≤–∞ –Ω–∞ –º—è—Å—Ç–æ –Ω–∞ —Ä—ä–∫–∞ –ò–ó–ö–õ–Æ–ß–ò–¢–ï–õ–ù–û –ø—Ä–µ—Ü–∏–∑–Ω–æ –∫–∞—Ç–æ –Ω–∞ —Å–Ω–∏–º–∫–∏. –ù–∞ —Å–Ω–∏–º–∫–∏—Ç–µ –µ –∏–∑–æ–±—Ä–∞–∑–µ–Ω–æ –∫–∞–∫–≤–æ –ø—Ä–∞–≤–∏–º –∏ –∫–∞–∫–≤–æ –∫–∞—á–µ—Å—Ç–≤–æ —Å–µ –∏–∑–∏—Å–∫–≤–∞. –ó–∞–ø–ª–∞—â–∞–Ω–µ –æ—Ç 100-200–ª–≤ –Ω–∞ –∫–≤.–º. —Å–ø–æ—Ä–µ–¥ –≤–∏—Å–æ—á–∏–Ω–∞. –û—Å–∏–≥—É—Ä–µ–Ω–æ —Å–ø–∞–Ω–µ –∏ —Ö—Ä–∞–Ω–∞ –Ω–∞ –æ–±–µ–∫—Ç. –û—á–∞–∫–≤–∞–º–µ –≤–∞—à–∏ –∑–∞–≤—ä—Ä—à–µ–Ω–∏ —Ä–∞–±–æ—Ç–∏(—Å–Ω–∏–º–∫–∏) –Ω–∞ –ø–æ—Å–æ—á–µ–Ω–∏—è –∏-–º–µ–π–ª."
"–æ–±–ª–∞—Å—Ç –í–µ–ª–∏–∫–æ –¢—ä—Ä–Ω–æ–≤–æ",–†–∞–±–æ—Ç–∞,"–ü—Ä–æ–¥–∞–≤–∞—á - –ö–æ–Ω—Å—É–ª—Ç–∞–Ω—Ç - –°—É–ø–µ—Ä–º–∞—Ä–∫–µ—Ç!",https://www.alo.bg/8392934,,"–ü—Ä–∏–∑–º–∞ –û–û–î –≥—Ä. –ü—Ä–∏–º–æ—Ä—Å–∫–æ —Ç—ä—Ä—Å–∏ –¥–∞ –Ω–∞–∑–Ω–∞—á–∏ –ø—Ä–æ–¥–∞–≤–∞—á-–∫–æ–Ω—Å—É–ª—Ç–∞–Ω—Ç–∏ –∑–∞ —Ö—Ä–∞–Ω–∏—Ç–µ–ª–Ω–∏ –º–∞–≥–∞–∑–∏–Ω–∏. –†–∞–±–æ—Ç–∞—Ç–∞ –µ —Ü–µ–ª–æ–≥–æ–¥–∏—à–Ω–∞/—Å–µ–∑–æ–Ω–Ω–∞ —Å –æ—Å–∏–≥—É—Ä–µ–Ω–∞ –∫–≤–∞—Ä—Ç–∏—Ä–∞ –∏ –æ–±—è–¥, –∏ –¥–æ–±—Ä–æ –∑–∞–ø–ª–∞—â–∞–Ω–µ. –ó–∞ –ø–æ–≤–µ—á–µ –∏–Ω—Ñ–æ—Ä–º–∞—Ü–∏—è - –º–æ–ª—è .."
"–æ–±–ª–∞—Å—Ç –í–µ–ª–∏–∫–æ –¢—ä—Ä–Ω–æ–≤–æ",–†–∞–±–æ—Ç–∞,"–ì–æ–ª—è–º–∞ –±—ä–ª–≥–∞—Ä—Å–∫–∞ –ª–æ–≥–∏—Å—Ç–∏—á–Ω–∞ –∫–æ–º–ø–∞–Ω–∏—è —Ç—ä—Ä—Å–∏ –¥–∞ –Ω–∞–∑–Ω–∞—á–∏ –æ–ø–∏—Ç–Ω–∏ –∏ –∫–≤–∞–ª–∏—Ñ–∏—Ü–∏—Ä–∞–Ω–∏ —Å–∫–ª–∞–¥–æ–≤–∏ —Ä–∞–±–æ—Ç–Ω–∏—Ü–∏",https://www.alo.bg/9123000,,"–ì–û–õ–Ø–ú–ê –ë–™–õ–ì–ê–†–°–ö–ê –õ–û–ì–ò–°–¢–ò–ß–ù–ê –ö–û–ú–ü–ê–ù–ò–Ø –¢–™–†–°–ò –î–ê –ù–ê–ó–ù–ê–ß–ò –û–ü–ò–¢–ù–ò –ò –ö–í–ê–õ–ò–§–ò–¶–ò–†–ê–ù–ò –°–ö–õ–ê–î–û–í–ò –†–ê–ë–û–¢–ù–ò–¶–ò –∑–∞ —Ä–∞–±–æ—Ç–∞ –≤ –õ–æ–≥–∏—Å—Ç–∏—á–Ω–∏ —Ü–µ–Ω—Ç—Ä–æ–≤–µ –≤ –≥—Ä. –°–æ—Ñ–∏—è –≤ –∫–≤. –õ—é–ª–∏–Ω –∏ –∫–≤. –•–∞–¥–∂–∏ –î–∏–º–∏—Ç—ä—Ä. 1. –ü–û–ó–ò–¶–ò–ò: .."
"–æ–±–ª–∞—Å—Ç –í–µ–ª–∏–∫–æ –¢—ä—Ä–Ω–æ–≤–æ",–†–∞–±–æ—Ç–∞,"–°–ª—É–∂–∏—Ç–µ–ª –ü–æ–¥–¥—Ä—ä–∂–∫–∞ —Å–≥—Ä–∞–¥–∞ –∏ —Ä–µ–º–æ–Ω—Ç–Ω–∞ –¥–µ–π–Ω–æ—Å—Ç",https://www.alo.bg/9146057,,"–•–æ—Ç–µ–ª ‚Äù–ú–∞—Ä—Ç–∏–Ω–µ–∑‚Äù, –≥—Ä. –°–æ–∑–æ–ø–æ–ª, —Ç—ä—Ä—Å–∏ –¥–∞ –Ω–∞–∑–Ω–∞—á–∏: –°–õ–£–ñ–ò–¢–ï–õ –ü–û–î–î–†–™–ñ–ö–ê –°–ì–†–ê–î–ê –ò –†–ï–ú–û–ù–¢–ù–ê –î–ï–ô–ù–û–°–¢ –û–°–ù–û–í–ù–ò –î–ï–ô–ù–û–°–¢–ò –ò –û–¢–ì–û–í–û–†–ù–û–°–¢–ò - –ü–æ–¥–¥—ä—Ä–∂–∞ –≤ –∏–∑–ø—Ä–∞–≤–Ω–æ—Å—Ç –ø–æ–≤–µ—Ä–µ–Ω–∏—Ç–µ –º—É —Å—ä–æ—Ä—ä–∂–µ–Ω–∏—è –≤ –∫–æ–º–ø–ª–µ–∫—Å–∞. - .."
"–æ–±–ª–∞—Å—Ç –í–µ–ª–∏–∫–æ –¢—ä—Ä–Ω–æ–≤–æ",–†–∞–±–æ—Ç–∞,"–¢—ä—Ä—Å–∏–º —Ö–∏–≥–∏–µ–Ω–∏—Å—Ç–∫–∞, –ø—Ä–µ–¥–ª–∞–≥–∞–º–µ –∫–≤–∞—Ä—Ç–∏—Ä–∞",https://www.alo.bg/9041363,,"–ü–µ—Ç –¥–Ω–µ–≤–Ω–∞ —Ä–∞–±–æ—Ç–Ω–∞ —Å–µ–¥–º–∏—Ü–∞, 8 —á–∞—Å–æ–≤ —Ä–∞–±–æ—Ç–µ–Ω –¥–µ–Ω, –Ω–∞—á–∞–ª–æ –Ω–∞ —Ä–∞–±–æ—Ç–Ω–∏—è –¥–µ–Ω –ø–æ –¥–æ–≥–æ–≤–∞—Ä—è–Ω–µ. –ü–æ—á–∏—Å—Ç–≤–∞–Ω–µ –Ω–∞ –æ—Ñ–∏—Å–∏ –∏ –æ–±—â–∏ —á–∞—Å—Ç–∏ /–∫–æ—Ä–∏–¥–æ—Ä–∏, —Å–∞–Ω–∏—Ç–∞—Ä–Ω–∏ –≤—ä–∑–ª–∏, –ø—Ä–∏–ª–µ–∂–∞—â–∏ —á–∞—Å—Ç–∏/ –≤ –±–∏–∑–Ω–µ—Å —Å–≥—Ä–∞–¥–∞. –ü—Ä–µ–¥–ª–∞–≥–∞–º–µ –∫–≤–∞.."
"–æ–±–ª–∞—Å—Ç –í–µ–ª–∏–∫–æ –¢—ä—Ä–Ω–æ–≤–æ",–†–∞–±–æ—Ç–∞,"–ú–µ–∂–¥—É–Ω–∞—Ä–æ–¥–µ–Ω —à–æ—Ñ—å–æ—Ä - —Ö–ª–∞–¥–∏–ª–Ω–∏–∫ / —Ç–∏—Ç—É–ª—è—Ä –Ω–∞ –µ–¥–∏–Ω –∫–∞–º–∏–æ–Ω",https://www.alo.bg/5154738,,"–ö–£–£–õ–¢–†–ê–ù–° –û–û–î –ø—Ä–µ–¥–ª–∞–≥–∞ —Ä–∞–±–æ—Ç–∞ –Ω–∞ –º–µ–∂–¥—É–Ω–∞—Ä–æ–¥–Ω–∏ —à–æ—Ñ—å–æ—Ä–∏ —Å –æ–ø–∏—Ç –∏ –∫–≤–∞–ª–∏—Ñ–∏–∫–∞—Ü–∏—è –Ω–∞ —Ö–ª–∞–¥–∏–ª–Ω–æ —Ä–µ–º–∞—Ä–∫–µ –ø–æ —Å–ª–µ–¥–Ω–∏—Ç–µ —Ä–µ–ª–∞—Ü–∏–∏: - –ì—ä—Ä—Ü–∏—è - –ï–≤—Ä–æ–ø–∞ - –ì—ä—Ä—Ü–∏—è - –ì—ä—Ä—Ü–∏—è - –ó–∞–ø–∞–¥–Ω–∞ –ï–≤—Ä–æ–ø–∞ - –ê–Ω–≥–ª–∏—è - –ì—ä—Ä—Ü–∏—è –ù–µ–æ–±.."
"–æ–±–ª–∞—Å—Ç –í–µ–ª–∏–∫–æ –¢—ä—Ä–Ω–æ–≤–æ",–†–∞–±–æ—Ç–∞,"–î–æ—Å—Ç–∞–≤—á–∏–∫ –Ω–∞ —Ö—Ä–∞–Ω–∞ —Å –ª–∏—á–µ–Ω –∞–≤—Ç–æ–º–æ–±–∏–ª –∏–ª–∏ –º–æ—Ç–æ–ø–µ–¥",https://www.alo.bg/8268862,,"–ö–∞–∫–≤–æ –ø—Ä–µ–¥–ª–∞–≥–∞–º–µ: üëâ –£–ø—Ä–∞–≤–ª—è–≤–∞–π —Å–∞–º —Ä–∞–±–æ—Ç–Ω–æ—Ç–æ —Å–∏ –≤—Ä–µ–º–µ üëâ –°—Ç—Ä–∞—Ö–æ—Ç–Ω–æ –≤—ä–∑–Ω–∞–≥—Ä–∞–∂–¥–µ–Ω–∏–µ, –æ–±–≤—ä—Ä–∑–∞–Ω–æ —Å –ø–æ—Å—Ç–∏–≥–Ω–∞—Ç–∏ —Ä–µ–∑—É–ª—Ç–∞—Ç–∏ –¥–æ 12–ª–≤. –Ω–∞ —á–∞—Å. üëâ –°–µ–¥–º–∏—á–Ω–æ –∑–∞–ø–ª–∞—â–∞–Ω–µ. üëâ –¢—Ä—É–¥–æ–≤ –¥–æ–≥–æ–≤–æ—Ä. üëâ –í—ä—Ç—Ä–µ—à–Ω–æ –æ–±—É—á–µ–Ω–∏–µ.."
"–æ–±–ª–∞—Å—Ç –í–µ–ª–∏–∫–æ –¢—ä—Ä–Ω–æ–≤–æ",–†–∞–±–æ—Ç–∞,"–ù–∞–±–∏—Ä–∞–º–µ –æ—Ö—Ä–∞–Ω–∏—Ç–µ–ª–∏",https://www.alo.bg/9086276,,"–ù–∞–±–∏—Ä–∞–º–µ –æ—Ö—Ä–∞–Ω–∏—Ç–µ–ª–∏ –∑–∞ –º–Ω–æ–∂–µ—Å—Ç–≤–æ –æ–±–µ–∫—Ç–∏ –≤ —Ä–∞–π–æ–Ω–∞ –Ω–∞ –≥—Ä. –°–æ—Ñ–∏—è -–ü—Ä–µ–¥–ª–∞–≥–∞–º–µ –¥–æ–±—Ä–æ –∑–∞–ø–ª–∞—â–∞–Ω–µ -–†–∞–±–æ—Ç–∞ –ø–æ –ø—Ä–µ–¥–≤–∞—Ä–∏—Ç–µ–ª–Ω–æ —É—Ç–≤—ä—Ä–¥–µ–Ω –≥—Ä–∞—Ñ–∏–∫ -–ü—Ä–∏—è—Ç–Ω–æ –∏ –ø–æ–¥–¥—ä—Ä–∂–∞–Ω–æ —Ä–∞–±–æ—Ç–Ω–æ –º—è—Å—Ç–æ -–¢—Ä—É–¥–æ–≤ –¥–æ–≥–æ–≤–æ—Ä –∏ –≤–∫–ª—é—á–µ–Ω–∏ –æ—Å.."
"–æ–±–ª–∞—Å—Ç –í–µ–ª–∏–∫–æ –¢—ä—Ä–Ω–æ–≤–æ",–†–∞–±–æ—Ç–∞,"–†—ä–∫–æ–≤–æ–¥–∏—Ç–µ–ª —Å –±—ä–ª–≥–∞—Ä—Å–∫–∏ –µ–∑–∏–∫",https://www.alo.bg/9086913,,"–î–æ–±—ä—Ä –¥–µ–Ω! –¢—ä—Ä—Å–∏–º –æ—Ç–≥–æ–≤–æ—Ä–µ–Ω —Å—É–ø–µ—Ä–≤–∞–π–∑–µ—Ä, –∫–æ–π—Ç–æ –¥–∞ –Ω–∞–±–ª—é–¥–∞–≤–∞ —Ä–∞–±–æ—Ç–Ω–∏—è –ø—Ä–æ—Ü–µ—Å –≤ –Ω–∞—à–∏—Ç–µ —Å—ä–æ—Ä—ä–∂–µ–Ω–∏—è. –†–æ–ª—è—Ç–∞ –µ —Å–ª–æ–∂–Ω–∞. –¢–æ–π –Ω—è–º–∞ –¥–∞ –±—ä–¥–µ –ø—Ä–æ—Å—Ç–æ –Ω—è–∫–æ–π, –∫–æ–π—Ç–æ –∫–æ–Ω—Ç—Ä–æ–ª–∏—Ä–∞ —Ä–∞–±–æ—Ç–∞—Ç–∞ –Ω–∞ –¥—Ä—É–≥–∏—Ç–µ. –°—É–ø–µ—Ä–≤–∞–π–∑–æ—Ä.."
"–æ–±–ª–∞—Å—Ç –í–µ–ª–∏–∫–æ –¢—ä—Ä–Ω–æ–≤–æ",–†–∞–±–æ—Ç–∞,"–î–æ—Å—Ç–∞–≤—á–∏–∫ –Ω–∞ —Ö—Ä–∞–Ω–∞ –ø–æ –¥–æ–º–æ–≤–µ—Ç–µ —Å –ª–∏—á–µ–Ω –∞–≤—Ç–æ–º–æ–±–∏–ª",https://www.alo.bg/8268867,,"–ö–∞–∫–≤–æ –ø—Ä–µ–¥–ª–∞–≥–∞–º–µ: üëâ –£–ø—Ä–∞–≤–ª—è–≤–∞–π —Å–∞–º —Ä–∞–±–æ—Ç–Ω–æ—Ç–æ —Å–∏ –≤—Ä–µ–º–µ üëâ –°—Ç—Ä–∞—Ö–æ—Ç–Ω–æ –≤—ä–∑–Ω–∞–≥—Ä–∞–∂–¥–µ–Ω–∏–µ, –æ–±–≤—ä—Ä–∑–∞–Ω–æ —Å –ø–æ—Å—Ç–∏–≥–Ω–∞—Ç–∏ —Ä–µ–∑—É–ª—Ç–∞—Ç–∏ –¥–æ 12–ª–≤. –Ω–∞ —á–∞—Å. üëâ –°–µ–¥–º–∏—á–Ω–æ –∑–∞–ø–ª–∞—â–∞–Ω–µ. üëâ –¢—Ä—É–¥–æ–≤ –¥–æ–≥–æ–≤–æ—Ä. üëâ –í—ä—Ç—Ä–µ—à–Ω–æ –æ–±—É—á–µ–Ω–∏–µ.."
"–æ–±–ª–∞—Å—Ç –í–µ–ª–∏–∫–æ –¢—ä—Ä–Ω–æ–≤–æ",–†–∞–±–æ—Ç–∞,"–î–∏—Å—Ç—Ä–∏–±—É—Ç–æ—Ä - —à–æ—Ñ—å–æ—Ä",https://www.alo.bg/9163056,,"–¢—ä—Ä—Å–∏–º –¥–∏–Ω–∞–º–∏—á–Ω–∏ –∏ –µ–Ω—Ç—É—Å–∏–∞–∑–∏—Ä–∞–Ω–∏ —Å–ª—É–∂–∏—Ç–µ–ª–∏. –£—Å–ª–æ–≤–∏—è –Ω–∞ —Ä–∞–±–æ—Ç–∞: –†–∞–±–æ—Ç—è –∑–∞ –¥–æ—Å—Ç–∞–≤–∫–∞ –Ω–∞ —Ö–ª—è–± –∏ —Ç–µ—Å—Ç–µ–Ω–∏ –∏–∑–¥–µ–ª–∏—è –≤ –≥—Ä–∞–¥ –¢—ä—Ä–≥–æ–≤–∏—â–µ. –°–∫–∞–ª–¥–æ–≤–∞ –±–∞–∑–∞ —Å–µ–ª–æ –†–µ—Å–µ–Ω –†–∞–±–æ—Ç–Ω–æ –≤—Ä–µ–º–µ –æ—Ç 04:00—á - 12:00—á –¢—Ä—ä–≥–≤–∞–Ω–µ.."
"–æ–±–ª–∞—Å—Ç –í–µ–ª–∏–∫–æ –¢—ä—Ä–Ω–æ–≤–æ",–†–∞–±–æ—Ç–∞,"–ì—Ä–∏–º—å–æ—Ä, –ú–∞–Ω–∏–∫—é—Ä–∏—Å—Ç, –ö–æ–∑–º–µ—Ç–∏–∫",https://www.alo.bg/9051728,,"–ü—Ä–µ–¥–ª–∞–≥–∞–º —Ç—Ä–∏ —Ä–∞–±–æ—Ç–Ω–∏ –º–µ—Å—Ç–∞ (–Ω–µ–æ–±–æ—Ä—É–¥–≤–∞–Ω–∏) –∑–∞ –ì—Ä–∏–º—å–æ—Ä, –ú–∞–Ω–∏–∫—é—Ä–∏—Å—Ç –∏ –ö–æ–∑–º–µ—Ç–∏–∫"
"–æ–±–ª–∞—Å—Ç –í–µ–ª–∏–∫–æ –¢—ä—Ä–Ω–æ–≤–æ",–†–∞–±–æ—Ç–∞,"–ü–æ–º–æ—â–Ω–∏–∫ –≤—ä–≤ –ø—É–Ω–∫—Ç –∑–∞ —Ç–µ—Ö–Ω–∏—á–µ—Å–∫–∏ –ø—Ä–µ–≥–ª–µ–¥–∏",https://www.alo.bg/9136556,,"‚Äù–ê–≤—Ç–æ–∫–æ–º–ø–ª–µ–∫—Å –ò–ª–∏–Ω–¥–µ–Ω‚Äù —Ç—ä—Ä—Å–∏ –¥–∞ –Ω–∞–∑–Ω–∞—á–∏ —Ç–µ—Ö–Ω–∏–∫, –Ω–∞ –ø—É–Ω–∫—Ç –∑–∞ –≥–æ–¥–∏—à–Ω–∏ —Ç–µ—Ö–Ω–∏—á–µ—Å–∫–∏ –ø—Ä–µ–≥–ª–µ–¥–∏ –Ω–∞ –ø–æ—Å—Ç–æ—è–Ω–µ–Ω –¥–æ–≥–æ–≤–æ—Ä. –ò–∑–∏—Å–∫–≤–∞–Ω–∏—è: -–®–æ—Ñ—å–æ—Ä—Å–∫–∞ –∫–Ω–∏–∂–∫–∞, –º–∏–Ω. –∫–∞—Ç.B -–î–æ–±—Ä–∞ –∫–æ–º—É–Ω–∏–∫–∞—Ç–∏–≤–Ω–æ—Å—Ç -–ñ–µ–ª–∞–Ω–∏–µ –∑–∞ –¥—ä–ª.."
"–æ–±–ª–∞—Å—Ç –í–µ–ª–∏–∫–æ –¢—ä—Ä–Ω–æ–≤–æ",–†–∞–±–æ—Ç–∞,"–¢—ä—Ä—Å–∏ —Å–æ—Ü–∏–∞–ª–µ–Ω –∞—Å–∏—Å—Ç–µ–Ω—Ç",https://www.alo.bg/9161681,,"–ü—É–±–ª–∏–∫—É–≤–∞–Ω–æ –æ—Ç ‚Äù–ë—é—Ä–æ –ø–æ —Ç—Ä—É–¥–∞‚Äù: [ –î–ë–¢ - –í–µ–ª–∏–∫–æ –¢—ä—Ä–Ω–æ–≤–æ ] –ú—è—Å—Ç–æ –Ω–∞ —Ä–∞–±–æ—Ç–∞—Ç–∞: –ù–∞—Åe–ª–µ–Ω–æ –º—è—Å—Ç–æ –∫—ä–º –æ–±—â. –í–µ–ª–∏–∫–æ –¢—ä—Ä–Ω–æ–≤–æ, –æ–±–ª. –í–µ–ª–∏–∫–æ –¢—ä—Ä–Ω–æ–≤–æ –ù–∞–∏–º–µ–Ω–æ–≤–∞–Ω–∏–µ –Ω–∞ –¥–ª—ä–∂–Ω–æ—Å—Ç—Ç–∞: 5322-1003 - –°–æ—Ü–∏–∞–ª–µ–Ω –∞—Å–∏—Å—Ç–µ–Ω—Ç –û—Å–Ω.."
"–æ–±–ª–∞—Å—Ç –í–µ–ª–∏–∫–æ –¢—ä—Ä–Ω–æ–≤–æ",–†–∞–±–æ—Ç–∞,"–¢—ä—Ä—Å–∏ –ø—Å–∏—Ö–æ–ª–æ–≥, —É—á–∏–ª–∏—â–µ–Ω",https://www.alo.bg/9161611,,"–ü—É–±–ª–∏–∫—É–≤–∞–Ω–æ –æ—Ç ‚Äù–ë—é—Ä–æ –ø–æ —Ç—Ä—É–¥–∞‚Äù: [ –î–ë–¢ - –í–µ–ª–∏–∫–æ –¢—ä—Ä–Ω–æ–≤–æ ] –ú—è—Å—Ç–æ –Ω–∞ —Ä–∞–±–æ—Ç–∞—Ç–∞: –ù–∞—Åe–ª–µ–Ω–æ –º—è—Å—Ç–æ –∫—ä–º –æ–±—â. –í–µ–ª–∏–∫–æ –¢—ä—Ä–Ω–æ–≤–æ, –æ–±–ª. –í–µ–ª–∏–∫–æ –¢—ä—Ä–Ω–æ–≤–æ –ù–∞–∏–º–µ–Ω–æ–≤–∞–Ω–∏–µ –Ω–∞ –¥–ª—ä–∂–Ω–æ—Å—Ç—Ç–∞: 2634-6003 - –ü—Å–∏—Ö–æ–ª–æ–≥, —É—á–∏–ª–∏—â–µ–Ω –û—Å.."
"–æ–±–ª–∞—Å—Ç –í–µ–ª–∏–∫–æ –¢—ä—Ä–Ω–æ–≤–æ",–†–∞–±–æ—Ç–∞,"–¢—ä—Ä—Å–∏ —Å–æ—Ü–∏–∞–ª–µ–Ω —Ä–∞–±–æ—Ç–Ω–∏–∫",https://www.alo.bg/9161578,,"–ü—É–±–ª–∏–∫—É–≤–∞–Ω–æ –æ—Ç ‚Äù–ë—é—Ä–æ –ø–æ —Ç—Ä—É–¥–∞‚Äù: [ –î–ë–¢ - –ì–æ—Ä–Ω–∞ –û—Ä—è—Ö–æ–≤–∏—Ü–∞ ] –ú—è—Å—Ç–æ –Ω–∞ —Ä–∞–±–æ—Ç–∞—Ç–∞: –ù–∞—Åe–ª–µ–Ω–æ –º—è—Å—Ç–æ –∫—ä–º –æ–±—â. –°—Ç—Ä–∞–∂–∏—Ü–∞, –æ–±–ª. –í–µ–ª–∏–∫–æ –¢—ä—Ä–Ω–æ–≤–æ –ù–∞–∏–º–µ–Ω–æ–≤–∞–Ω–∏–µ –Ω–∞ –¥–ª—ä–∂–Ω–æ—Å—Ç—Ç–∞: 2635-6003 - –°–æ—Ü–∏–∞–ª–µ–Ω —Ä–∞–±–æ—Ç–Ω–∏–∫ –û—Å–Ω–æ–≤–Ω–∏ .."
"–æ–±–ª–∞—Å—Ç –í–µ–ª–∏–∫–æ –¢—ä—Ä–Ω–æ–≤–æ",–†–∞–±–æ—Ç–∞,"–ú–∞–π—Å—Ç–æ—Ä –∑–∞ –∑–∞–∫—É—Å–∫–∏",https://www.alo.bg/8737988,,"–¢—ä—Ä—Å–∏–º –º–∞–π—Å—Ç–æ—Ä –Ω–∞ –∑–∞–∫—É—Å–∫–∏ –∏ –±–∞–Ω–∏—Ü–∏ –∑–∞ –ø—Ä–æ–∏–∑–≤–æ–¥—Å—Ç–≤–æ –ø–æ –æ–ø—Ä–µ–¥–µ–ª–µ–Ω–∞ —Ä–µ—Ü–µ–ø—Ç–∞. –û—Ç–ª–∏—á–Ω–æ –∑–∞–ø–ª–∞—â–∞–Ω–µ, –≤—ä–∑–º–æ–∂–Ω–æ—Å—Ç –∑–∞ –≥—ä–≤–∫–∞–≤–æ —Ä–∞–±–æ—Ç–Ω–æ –≤—Ä–µ–º–µ."
"–æ–±–ª–∞—Å—Ç –í–µ–ª–∏–∫–æ –¢—ä—Ä–Ω–æ–≤–æ",–†–∞–±–æ—Ç–∞,"–¢—ä—Ä—Å–∏ —É—á–∏—Ç–µ–ª, –æ–±—â–æ–æ–±—Ä–∞–∑–æ–≤–∞—Ç–µ–ª–µ–Ω —É—á–µ–±–µ–Ω –ø—Ä–µ–¥–º–µ—Ç –≤ –≥–∏–º–Ω–∞–∑–∏–∞–ª–µ–Ω –µ—Ç–∞–ø",https://www.alo.bg/9159348,,"–ü—É–±–ª–∏–∫—É–≤–∞–Ω–æ –æ—Ç ‚Äù–ë—é—Ä–æ –ø–æ —Ç—Ä—É–¥–∞‚Äù: [ –î–ë–¢ - –í–µ–ª–∏–∫–æ –¢—ä—Ä–Ω–æ–≤–æ ] –ú—è—Å—Ç–æ –Ω–∞ —Ä–∞–±–æ—Ç–∞—Ç–∞: –ù–∞—Åe–ª–µ–Ω–æ –º—è—Å—Ç–æ –∫—ä–º –æ–±—â. –í–µ–ª–∏–∫–æ –¢—ä—Ä–Ω–æ–≤–æ, –æ–±–ª. –í–µ–ª–∏–∫–æ –¢—ä—Ä–Ω–æ–≤–æ –ù–∞–∏–º–µ–Ω–æ–≤–∞–Ω–∏–µ –Ω–∞ –¥–ª—ä–∂–Ω–æ—Å—Ç—Ç–∞: 2330-5005 - –£—á–∏—Ç–µ–ª, –æ–±—â–æ–æ–±—Ä–∞–∑–æ–≤–∞—Ç–µ.."
"–æ–±–ª–∞—Å—Ç –í–µ–ª–∏–∫–æ –¢—ä—Ä–Ω–æ–≤–æ",–†–∞–±–æ—Ç–∞,"–¢—ä—Ä—Å–∏ —Å–∞–Ω–∏—Ç–∞—Ä",https://www.alo.bg/9159345,,"–ü—É–±–ª–∏–∫—É–≤–∞–Ω–æ –æ—Ç ‚Äù–ë—é—Ä–æ –ø–æ —Ç—Ä—É–¥–∞‚Äù: [ –î–ë–¢ - –í–µ–ª–∏–∫–æ –¢—ä—Ä–Ω–æ–≤–æ ] –ú—è—Å—Ç–æ –Ω–∞ —Ä–∞–±–æ—Ç–∞—Ç–∞: –ù–∞—Åe–ª–µ–Ω–æ –º—è—Å—Ç–æ –∫—ä–º –æ–±—â. –í–µ–ª–∏–∫–æ –¢—ä—Ä–Ω–æ–≤–æ, –æ–±–ª. –í–µ–ª–∏–∫–æ –¢—ä—Ä–Ω–æ–≤–æ –ù–∞–∏–º–µ–Ω–æ–≤–∞–Ω–∏–µ –Ω–∞ –¥–ª—ä–∂–Ω–æ—Å—Ç—Ç–∞: 5321-1002 - –°–∞–Ω–∏—Ç–∞—Ä –û—Å–Ω–æ–≤–Ω–∏ –æ—Ç–≥–æ–≤.."
"–æ–±–ª–∞—Å—Ç –í–µ–ª–∏–∫–æ –¢—ä—Ä–Ω–æ–≤–æ",–†–∞–±–æ—Ç–∞,"–¢—ä—Ä—Å–∏ –æ–±—â —Ä–∞–±–æ—Ç–Ω–∏–∫, –ø—Ä–æ–º–∏—à–ª–µ–Ω–æ—Å—Ç—Ç–∞",https://www.alo.bg/9159203,,"–ü—É–±–ª–∏–∫—É–≤–∞–Ω–æ –æ—Ç ‚Äù–ë—é—Ä–æ –ø–æ —Ç—Ä—É–¥–∞‚Äù: [ –î–ë–¢ - –í–µ–ª–∏–∫–æ –¢—ä—Ä–Ω–æ–≤–æ ] –ú—è—Å—Ç–æ –Ω–∞ —Ä–∞–±–æ—Ç–∞—Ç–∞: –ù–∞—Åe–ª–µ–Ω–æ –º—è—Å—Ç–æ –∫—ä–º –æ–±—â. –í–µ–ª–∏–∫–æ –¢—ä—Ä–Ω–æ–≤–æ, –æ–±–ª. –í–µ–ª–∏–∫–æ –¢—ä—Ä–Ω–æ–≤–æ –ù–∞–∏–º–µ–Ω–æ–≤–∞–Ω–∏–µ –Ω–∞ –¥–ª—ä–∂–Ω–æ—Å—Ç—Ç–∞: 9329-0018 - –û–±—â —Ä–∞–±–æ—Ç–Ω–∏–∫, –ø—Ä–æ–º–∏—à–ª–µ.."
"–æ–±–ª–∞—Å—Ç –í–µ–ª–∏–∫–æ –¢—ä—Ä–Ω–æ–≤–æ",–†–∞–±–æ—Ç–∞,"–¢—ä—Ä—Å–∏ –≤–æ–¥–∞—á, –º–æ—Ç–æ–∫–∞—Ä",https://www.alo.bg/9159202,,"–ü—É–±–ª–∏–∫—É–≤–∞–Ω–æ –æ—Ç ‚Äù–ë—é—Ä–æ –ø–æ —Ç—Ä—É–¥–∞‚Äù: [ –î–ë–¢ - –í–µ–ª–∏–∫–æ –¢—ä—Ä–Ω–æ–≤–æ ] –ú—è—Å—Ç–æ –Ω–∞ —Ä–∞–±–æ—Ç–∞—Ç–∞: –ù–∞—Åe–ª–µ–Ω–æ –º—è—Å—Ç–æ –∫—ä–º –æ–±—â. –í–µ–ª–∏–∫–æ –¢—ä—Ä–Ω–æ–≤–æ, –æ–±–ª. –í–µ–ª–∏–∫–æ –¢—ä—Ä–Ω–æ–≤–æ –ù–∞–∏–º–µ–Ω–æ–≤–∞–Ω–∏–µ –Ω–∞ –¥–ª—ä–∂–Ω–æ—Å—Ç—Ç–∞: 8344-2004 - –í–æ–¥–∞—á, –º–æ—Ç–æ–∫–∞—Ä –û—Å–Ω–æ–≤–Ω.."
"–æ–±–ª–∞—Å—Ç –í–µ–ª–∏–∫–æ –¢—ä—Ä–Ω–æ–≤–æ",–†–∞–±–æ—Ç–∞,"–¢—ä—Ä—Å–∏ —Ç–µ—Ö–Ω–∏–∫, –µ–ª–µ–∫—Ç—Ä–æ–æ–±–∑–∞–≤–µ–∂–¥–∞–Ω–µ –Ω–∞ –ø—Ä–æ–º–∏—à–ª–µ–Ω–∏ –ø—Ä–µ–¥–ø—Ä–∏—è—Ç–∏—è",https://www.alo.bg/9159196,,"–ü—É–±–ª–∏–∫—É–≤–∞–Ω–æ –æ—Ç ‚Äù–ë—é—Ä–æ –ø–æ —Ç—Ä—É–¥–∞‚Äù: [ –î–ë–¢ - –í–µ–ª–∏–∫–æ –¢—ä—Ä–Ω–æ–≤–æ ] –ú—è—Å—Ç–æ –Ω–∞ —Ä–∞–±–æ—Ç–∞—Ç–∞: –ù–∞—Åe–ª–µ–Ω–æ –º—è—Å—Ç–æ –∫—ä–º –æ–±—â. –í–µ–ª–∏–∫–æ –¢—ä—Ä–Ω–æ–≤–æ, –æ–±–ª. –í–µ–ª–∏–∫–æ –¢—ä—Ä–Ω–æ–≤–æ –ù–∞–∏–º–µ–Ω–æ–≤–∞–Ω–∏–µ –Ω–∞ –¥–ª—ä–∂–Ω–æ—Å—Ç—Ç–∞: 3113-3011 - –¢–µ—Ö–Ω–∏–∫, –µ–ª–µ–∫—Ç—Ä–æ–æ–±–∑–∞–≤–µ–∂.."
"–æ–±–ª–∞—Å—Ç –í–µ–ª–∏–∫–æ –¢—ä—Ä–Ω–æ–≤–æ",–†–∞–±–æ—Ç–∞,"–¢—Ä–∞–∫–∏–π—Å–∫–∞ –ë–∞–Ω–∏—Ü–∞ –û–≤—á–∞ –ö—É–ø–µ–ª",https://www.alo.bg/9158528,,"–ë–∞–Ω–∏—á–∞—Ä–Ω–∏—Ü–∞ –æ—Ç –≤–µ—Ä–∏–≥–∞—Ç–∞ –¢—Ä–∞–∫–∏–π—Å–∫–∞ –±–∞–Ω–∏—Ü–∞ –≤ –ø–æ–¥–ª–µ–∑–∞ –Ω–∞ –º–µ—Ç—Ä–æ—Å—Ç–∞–Ω—Ü–∏—è –ú–∏–∑–∏—è —Ç—ä—Ä—Å–∏ –¥–∞ –Ω–∞–∑–Ω–∞—á–∏ –ø–µ–∫–∞—Ä–∏ –∏ –∫–∞—Å–∏–µ—Ä–∏ –Ω–∞ –ø–æ—Å—Ç–æ—è–Ω–µ–Ω —Ç—Ä—É–¥–æ–≤ –¥–æ–≥–æ–≤–æ—Ä –∏ –∫–æ–Ω–∫—É—Ä–µ–Ω—Ç–Ω–æ –∑–∞ –±—Ä–∞–Ω—à–∞ –≤—ä–∑–Ω–∞–≥—Ä–∞–∂–¥–µ–Ω–∏–µ"
"–æ–±–ª–∞—Å—Ç –í–µ–ª–∏–∫–æ –¢—ä—Ä–Ω–æ–≤–æ",–†–∞–±–æ—Ç–∞,"–¢—ä—Ä—Å–∏ —à–æ—Ñ—å–æ—Ä, —Ç–æ–≤–∞—Ä–µ–Ω –∞–≤—Ç–æ–º–æ–±–∏–ª (–º–µ–∂–¥—É–Ω–∞—Ä–æ–¥–Ω–∏ –ø—Ä–µ–≤–æ–∑–∏)",https://www.alo.bg/9156741,,"–ü—É–±–ª–∏–∫—É–≤–∞–Ω–æ –æ—Ç ‚Äù–ë—é—Ä–æ –ø–æ —Ç—Ä—É–¥–∞‚Äù: [ –î–ë–¢ - –í–µ–ª–∏–∫–æ –¢—ä—Ä–Ω–æ–≤–æ ] –ú—è—Å—Ç–æ –Ω–∞ —Ä–∞–±–æ—Ç–∞—Ç–∞: –ù–∞—Åe–ª–µ–Ω–æ –º—è—Å—Ç–æ –∫—ä–º –æ–±—â. –í–µ–ª–∏–∫–æ –¢—ä—Ä–Ω–æ–≤–æ, –æ–±–ª. –í–µ–ª–∏–∫–æ –¢—ä—Ä–Ω–æ–≤–æ –ù–∞–∏–º–µ–Ω–æ–≤–∞–Ω–∏–µ –Ω–∞ –¥–ª—ä–∂–Ω–æ—Å—Ç—Ç–∞: 8332-2006 - –®–æ—Ñ—å–æ—Ä, —Ç–æ–≤–∞—Ä–µ–Ω –∞–≤—Ç–æ–º–æ.."
"–æ–±–ª–∞—Å—Ç –ú–æ–Ω—Ç–∞–Ω–∞",–†–∞–±–æ—Ç–∞,"–ú–∞–≥–∞–∑–∏–Ω –∑–∞ –ø–ª–æ–¥–æ–≤–µ –∏ –∑–µ–ª–µ–Ω—á—É—Ü–∏ —Ç—ä—Ä—Å–∏ –ø—Ä–æ–¥–∞–≤–∞—á–∫–∞",https://www.alo.bg/9156008,,"–°–æ—Ñ–∏—è, –°—Ç—É–¥–µ–Ω—Ç—Å–∫–∏ –≥—Ä–∞–¥, –º–∞–≥–∞–∑–∏–Ω –∑–∞ –ø–ª–æ–¥–æ–≤–µ –∏ –∑–µ–ª–µ–Ω—á—É—Ü–∏ —Ç—ä—Ä—Å–∏ –ø—Ä–æ–¥–∞–≤–∞—á–∫–∞, –º–æ–∂–µ –∏ –±–µ–∑ –æ–ø–∏—Ç. –ü—Ä–∏ –Ω—É–∂–¥–∞ –ø—Ä–µ–¥–ª–∞–≥–∞ –±–µ–∑–ø–ª–∞—Ç–Ω–∞ –∫–≤–∞—Ä—Ç–∏—Ä–∞. –°—Ç–∞—Ä—Ç–æ–≤–∞ –∑–∞–ø–ª–∞—Ç–∞ - 2 900 –ª–≤. + –±–æ–Ω—É—Å–∏ –ó–∞ –ø–æ–≤–µ—á–µ –∏–Ω—Ñ–æ—Ä–º–∞—Ü–∏—è, –æ–±–∞–¥–µ—Ç–µ —Å–µ –Ω–∞ –ø–æ—Å–æ—á–µ–Ω–∏—è —Ç–µ–ª–µ—Ñ–æ–Ω –∑–∞ –∫–æ–Ω—Ç–∞–∫—Ç–∏"
"–æ–±–ª–∞—Å—Ç –ú–æ–Ω—Ç–∞–Ω–∞",–†–∞–±–æ—Ç–∞,"–ü—Ä–µ–¥–ª–∞–≥–∞–º–µ —Ä–∞–±–æ—Ç–∞ –∑–∞ –º–µ–∂–¥—É–Ω–∞—Ä–æ–¥–Ω–∏ —à–æ—Ñ—å–æ—Ä–∏, –≤—ä—Ç—Ä–µ—à–Ω–æ –≤ –ï–≤—Ä–æ–ø–∞, —Ñ–∏–∫—Å–∏—Ä–∞–Ω–∞ –ª–∏–Ω–∏—è",https://www.alo.bg/8605948,,"–ú–µ–∂–¥—É–Ω–∞—Ä–æ–¥–µ–Ω –®–æ—Ñ—å–æ—Ä –ü—Ä–µ–¥–ª–∞–≥–∞–º–µ —Ä–∞–±–æ—Ç–∞ –∑–∞ –º–µ–∂–¥—É–Ω–∞—Ä–æ–¥–Ω–∏ —à–æ—Ñ—å–æ—Ä–∏, –≤—ä—Ç—Ä–µ—à–Ω–æ –≤ –ï–≤—Ä–æ–ø–∞: –§–∏–∫—Å–∏—Ä–∞–Ω–∞ –ª–∏–Ω–∏—è DHL Regensburg –ì–µ—Ä–º–∞–Ω–∏—è-–ê–≤—Å—Ç—Ä–∏—è-–ì–µ—Ä–º–∞–Ω–∏—è BDF –ö–æ–Ω—Ç–µ–π–Ω–µ—Ä–∏. (—Ö–µ–Ω–≥–µ—Ä, –¥–≤–æ–π–Ω–æ-—á—É–ø–µ–Ω–µ) –ò–ó–ò–°–ö–í–ê–ù–ò–Ø: –û–ø–∏—Ç –∫–∞—Ç–æ –º–µ–∂–¥—É–Ω–∞—Ä–æ–¥–µ–Ω —à–æ—Ñ—å–æ—Ä - –∂–µ–ª–∞—Ç–µ–ª–Ω–æ –ö–∞—Ç–µ–≥–æ—Ä–∏—è ‚ÄùC+–ï‚Äù –ü—Ä–æ—Ñ–µ—Å–∏–æ–Ω–∞–ª–Ω–∞ –∫–æ–º–ø–µ—Ç–µ–Ω—Ç–Ω–æ—Å—Ç –í–∞–ª–∏–¥–Ω–æ —Å–≤–∏–¥–µ—Ç–µ–ª—Å—Ç–≤–æ –∑–∞ –ø—Å–∏—Ö–æ–ª–æ–≥–∏—á–µ—Å–∫–∞ –≥–æ–¥–Ω–æ—Å—Ç –ö–∞—Ä—Ç–∞ –∑–∞ –¥–∏–≥–∏—Ç–∞–ª–µ–Ω —Ç–∞—Ö–æ–≥—Ä–∞—Ñ –ë–∏–æ–≥—Ä–∞—Ñ–∏—è –£–º–µ–Ω–∏—è –∑–∞ —Ä–∞–±–æ—Ç–∞ —Å —Ç–µ–ª–µ—Ñ–æ–Ω –ù–∏–µ –ø—Ä–µ–¥–ª–∞–≥–∞–º–µ: –ú–µ—Å–µ—á–Ω–æ –≤—ä–∑–Ω–∞–≥—Ä–∞–∂–¥–µ–Ω–∏–µ –æ—Ç 3000 –¥–æ 3300 –µ–≤—Ä–æ/–Ω–µ—Ç–æ. –ó–∞–ø–ª–∞—â–∞–Ω–µ –Ω–∞ –≤—Å—è–∫–∞ —Ç—Ä–µ—Ç–∞ —Å–µ–¥–º–∏—Ü–∞. –ë—ä–ª–≥–∞—Ä—Å–∫–∏ –¥–æ–≥–æ–≤–æ—Ä –∏ –æ—Å–∏–≥—É—Ä–æ–≤–∫–∏. K–∞–º–∏–æ–Ω–∏ VOLVO, MAN, Mercedes EURO 6 (—Ö–µ–Ω–≥–µ—Ä, —à–µ–π—Ç–∞–Ω, –¥–≤–æ–π.."
"–æ–±–ª–∞—Å—Ç –ú–æ–Ω—Ç–∞–Ω–∞",–†–∞–±–æ—Ç–∞,"–î–∏—Å—Ç–∞–Ω—Ü–∏–æ–Ω–Ω–∞ —Ä–∞–±–æ—Ç–∞ - —Å—ä–∑–¥–∞–≤–∞–Ω–µ –Ω–∞ –Ω–æ–≤–∏ CRM –∞–∫–∞—É–Ω—Ç–∏",https://www.alo.bg/9150275,,"–¢—ä—Ä—Å—è—Ç —Å–µ —Å–ª—É–∂–∏—Ç–µ–ª–∏ –≤ –∫–æ–º–ø–∞–Ω–∏—è—Ç–∞ CRM Kraft :)üö® –°–ø–µ—à–Ω–æ —Ç—ä—Ä—Å–∏–º –Ω–æ–≤ —Å–ª—É–∂–∏—Ç–µ–ª –∑–∞ —Å–ª–µ–¥–Ω–∏—Ç–µ –¥–µ–π–Ω–æ—Å—Ç–∏: - –í–∫–ª—é—á–≤–∞–Ω–µ –Ω–∞ –∫–ª–∏–µ–Ω—Ç–∏ –∏ —Å—ä–∑–¥–∞–≤–∞–Ω–µ –Ω–∞ –Ω–æ–≤–∏ –∞–∫–∞—É–Ω—Ç–∏ –í–∏–µ –Ω–∞—Å—Ç—Ä–æ–π–≤–∞—Ç–µ CRM —Å–∏—Å—Ç–µ–º–∞—Ç–∞ –∑–∞ –∫–ª–∏–µ–Ω—Ç–∏ –≤—ä–∑ –æ—Å–Ω–æ–≤–∞ –Ω–∞ —à–∞–±–ª–æ–Ω –∏ —Å—ä–∑–¥–∞–≤–∞—Ç–µ –Ω–æ–≤–∏ CRM –ø–æ—Ç—Ä–µ–±–∏—Ç–µ–ª–∏. –í–∏–µ —Å—Ç–µ –ø–æ–¥—Ö–æ–¥—è—â–∏, –∞–∫–æ —Å–ª–µ–¥–Ω–∏—Ç–µ –Ω–µ—â–∞ —Å–µ –æ—Ç–Ω–∞—Å—è—Ç –∑–∞ –≤–∞—Åü§ù: - 1Ô∏è‚É£–∏–º–∞—Ç–µ –ø–æ–Ω–µ 10 —á–∞—Å–∞ —Å–µ–¥–º–∏—á–Ω–æ üïñ - 2Ô∏è‚É£–í–∏–µ –ù–Ø–ú–ê–¢–ï –ø–æ—Å—Ç–æ—è–Ω–Ω–∞ —Ä–∞–±–æ—Ç–∞ –Ω–∞ –ø—ä–ª–µ–Ω —Ä–∞–±–æ—Ç–µ–Ω –¥–µ–Ω –∏ —Å–ª–µ–¥–æ–≤–∞—Ç–µ–ª–Ω–æ –∏–º–∞—Ç–µ –≥—ä–≤–∫–∞–≤ –≥—Ä–∞—Ñ–∏–∫ –∏ –º–æ–∂–µ—Ç–µ –¥–∞ –≤—ä—Ä—à–∏—Ç–µ –Ω–µ—â–∞—Ç–∞ –±—ä—Ä–∑–æ - 3Ô∏è‚É£–ú–æ–∂–µ—Ç–µ –¥–∞ —Å–∏ –ø—Ä–µ–¥—Å—Ç–∞–≤–∏—Ç–µ –¥–∞ —Ä–∞–±–æ—Ç–∏—Ç–µ –Ω–∞ –ø—ä–ª–µ–Ω —Ä–∞–±–æ—Ç–µ–Ω –¥–µ–Ω –≤ –¥—ä–ª–≥–æ—Å—Ä–æ—á–µ–Ω –ø–ª–∞–Ω (—Ç.–µ. –¥–∞ —É–≤–µ–ª–∏—á–∏—Ç–µ –¥–æ 30-40 —á–∞—Å–∞ —Å–µ–¥–º–∏—á–Ω–æ.."
"–æ–±–ª–∞—Å—Ç –ú–æ–Ω—Ç–∞–Ω–∞",–†–∞–±–æ—Ç–∞,"–ö–æ–Ω—Ç—Ä–æ–ª–∏–Ω–≥ –Ω–∞ –ø—Ä–æ–¥–∞–∂–±–∏—Ç–µ - –î–∏—Å—Ç–∞–Ω—Ü–∏–æ–Ω–Ω–∞ —Ä–∞–±–æ—Ç–∞",https://www.alo.bg/9131549,,"–¢—ä—Ä—Å—è—Ç —Å–µ —Å–ª—É–∂–∏—Ç–µ–ª–∏ –≤ –∫–æ–º–ø–∞–Ω–∏—è—Ç–∞ CRM Kraft :)üö® –°–ø–µ—à–Ω–æ —Ç—ä—Ä—Å–∏–º –Ω–æ–≤ —Å–ª—É–∂–∏—Ç–µ–ª –∑–∞ —Å–ª–µ–¥–Ω–∏—Ç–µ –¥–µ–π–Ω–æ—Å—Ç–∏: - –ö–æ–Ω—Ç—Ä–æ–ª –Ω–∞ –ø—Ä–æ–¥–∞–∂–±–∏—Ç–µ –í–∏–µ –ø—Ä–æ–≤–µ—Ä—è–≤–∞—Ç–µ —Ç–æ—á–Ω–æ—Å—Ç—Ç–∞ –Ω–∞ –ø—Ä–æ–¥–∞–∂–±–∏—Ç–µ –∏ –º–∞—Ä–∫–µ—Ç–∏–Ω–≥–æ–≤–∏—Ç–µ –ø–ª–∞—â–∞–Ω–∏—è, –∏–∑–≤—ä—Ä—à–≤–∞—Ç–µ –æ—Ü–µ–Ω–∫–∏ –∏ –ø–æ —Ç–æ–∑–∏ –Ω–∞—á–∏–Ω –Ω–∞—Å—ä—Ä—á–∞–≤–∞—Ç–µ —Ä–µ–Ω—Ç–∞–±–∏–ª–Ω–æ—Å—Ç—Ç–∞ –Ω–∞ –∫–æ–º–ø–∞–Ω–∏—è—Ç–∞. –í–∏–µ —Å—Ç–µ –ø–æ–¥—Ö–æ–¥—è—â–∏, –∞–∫–æ —Å–ª–µ–¥–Ω–∏—Ç–µ –Ω–µ—â–∞ —Å–µ –æ—Ç–Ω–∞—Å—è—Ç –∑–∞ –≤–∞—Åü§ù: - 1Ô∏è‚É£–∏–º–∞—Ç–µ –ø–æ–Ω–µ 20 —á–∞—Å–∞ —Å–µ–¥–º–∏—á–Ω–æ üïñ - 2Ô∏è‚É£–ò–º–∞—Ç–µ –≤—Ä–µ–º–µ –º–µ–∂–¥—É 9 –∏ 12—á. - 3Ô∏è‚É£–ú–æ–∂–µ—Ç–µ –¥–∞ —Å–∏ –ø—Ä–µ–¥—Å—Ç–∞–≤–∏—Ç–µ –¥–∞ –∏–∑–≤—ä—Ä—à–≤–∞—Ç–µ –∫–æ–Ω—Ç—Ä–æ–ª –Ω–∞ –ø—Ä–æ–¥–∞–∂–±–∏—Ç–µ –≤ –¥—ä–ª–≥–æ—Å—Ä–æ—á–µ–Ω –ø–ª–∞–Ω (—Ç.–µ. –¥–∞ —É–≤–µ–ª–∏—á–∏—Ç–µ –¥–æ 30-40 —á–∞—Å–∞ —Å–µ–¥–º–∏—á–Ω–æ –∑–∞ 1-2 –º–µ—Å–µ—Ü–∞) - 4Ô∏è‚É£ –í–∏–µ —Å—Ç–µ –º–Ω–æ–≥–æ –Ω–∞–¥–µ–∂–¥–Ω–∏ –∏ —Ç–æ—á–Ω–∏ - 5Ô∏è‚É£–ì–æ.."
"–æ–±–ª–∞—Å—Ç –ú–æ–Ω—Ç–∞–Ω–∞",–†–∞–±–æ—Ç–∞,"–ü–æ–¥–¥—Ä—ä–∂–∫–∞ –∫—ä–º–ø–∏–Ω–≥",https://www.alo.bg/8740683,,"–¢—ä—Ä—Å—è —Å–ø–µ—à–Ω–æ –æ—Ç–≥–æ–≤–æ—Ä–µ–Ω –∏ —Ñ–∏–∑–∏—á–µ—Å–∫–∏ –∑–¥—Ä–∞–≤ —á–æ–≤–µ–∫ –∑–∞ –ø–æ–¥–¥—Ä—ä–∂–∫–∞ –Ω–∞ –∫—ä–º–ø–∏–Ω–≥. –†–∞–±–æ—Ç–∞—Ç–∞ –µ —Å–≤—ä—Ä–∑–∞–Ω–∞ —Å –ø–æ–¥–¥—Ä—ä–∂–∫–∞ –Ω–∞ —Ç–µ—Ä–µ–Ω–∏—Ç–µ- –∫–æ—Å–µ–Ω–µ –Ω–∞ —Ç—Ä–µ–≤–∞, –ø—Ä–µ–∫–æ–ø–∞–≤–∞–Ω–µ –Ω–∞ –¥—Ä—ä–≤—á–µ—Ç–∞, —Ç–æ—Ä–µ–Ω–µ, –ø–æ—á–∏—Å—Ç–≤–∞–Ω–µ, –∫–æ–Ω—Ç—Ä–æ–ª –Ω–∞ –¥–æ—Å—Ç—ä–ø–∞ –Ω–∞ —Ö–æ—Ä–∞, –ª–µ–∫–∏ —Ä–µ–º–æ–Ω—Ç–Ω–∏ –¥–µ–π–Ω–æ—Å—Ç–∏. –ü—Ä–µ–∑ –∑–∏–º–∞—Ç–∞ –∑–∞–ø–ª–∞—Ç–∞—Ç–∞ –µ 1300–ª–≤., –∞ –ø—Ä–µ–∑ –ø—Ä–æ–ª–µ—Ç—Ç–∞ –∏ –ª—è—Ç–æ—Ç–æ —Å–µ –ø–æ–≤–∏—à–∞–≤–∞ –≤ –∑–∞–≤–∏—Å–∏–º–æ—Å—Ç –æ—Ç –ø–æ–µ—Ç–∏—Ç–µ –æ—Ç–≥–æ–≤–æ—Ä–Ω–æ—Å—Ç–∏. –ù–µ–æ–±—Ö–æ–¥–∏–º–æ –µ –¥–∞ –∏–º–∞—Ç–µ —É–º–µ–Ω–∏—è –∑–∞ –±–æ—Ä–∞–≤–µ–Ω–µ —Å –≥—Ä–∞–¥–∏–Ω—Å–∫–∞ —Ç–µ—Ö–Ω–∏–∫–∞ –∫–∞—Ç–æ: —Ç—Ä–∏–º–µ—Ä, –±–µ–Ω–∑–∏–Ω–æ–≤–∞ –∫–æ—Å–∞—á–∫–∞, –ø—Ä—ä—Å–∫–∞—á–∫–∞, –∫–∞–∫—Ç–æ –∏ –ø–æ–∑–Ω–∞–Ω–∏—è –∑–∞ –ª–µ–∫–∏ —Ä–µ–º–æ–Ω—Ç–∏ –ø–æ –ï–õ. –∏ –í–∏–ö. –ó–∞–¥—ä–ª–∂–∏—Ç–µ–ª–Ω–æ –µ –ø—Ä–∏—Ç–µ–∂–∞–≤–∞–Ω–µ—Ç–æ –Ω–∞ –≤–∞–ª–∏–¥–Ω–∞ —à–æ—Ñ—å–æ—Ä—Å–∫–∞ –∫–Ω–∏–∂–∫–∞ –∫–∞—Ç. –í, –∑–∞—â–æ—Ç–æ —Å–µ –Ω–∞–ª–∞–≥–∞ –≤—ä–≤ –≤—Ä—ä–∑–∫–∞ —Å —Ä–∞–±–æ—Ç–∞—Ç–∞ –∏–∑–ø.."
"–æ–±–ª–∞—Å—Ç –ú–æ–Ω—Ç–∞–Ω–∞",–†–∞–±–æ—Ç–∞,"–¢—ä—Ä—Å–∏–º —Å—Ç—Ä–æ–∏—Ç–µ–ª–Ω–∏ —Ä–∞–±–æ—Ç–Ω–∏—Ü–∏",https://www.alo.bg/9123448,,"–°—Ç—Ä–æ–∏—Ç–µ–ª–Ω–∞ —Ñ–∏—Ä–º–∞ –≤ –≥—Ä. –°–æ—Ñ–∏—è —Å –¥—ä–ª–≥–æ–≥–æ–¥–∏—à–µ–Ω –æ–ø–∏—Ç —Ç—ä—Ä—Å–∏ –¥–∞ –Ω–∞–∑–Ω–∞—á–∏ –Ω–∞ –ø–æ—Å—Ç–æ—è–Ω–µ–Ω —Ç—Ä—É–¥–æ–≤ –¥–æ–≥–æ–≤–æ—Ä —Å—Ç—Ä–æ–∏—Ç–µ–ª–Ω–∏ —Ä–∞–±–æ—Ç–Ω–∏—Ü–∏. –ò–∑–≤—ä—Ä—à–≤–∞–º–µ –≤—Å—è–∫–∞–∫—ä–≤ –≤–∏–¥ –°–ú–†- –ï–ª. –í–∏–ö, –∫—ä—Ä—Ç–µ–Ω–µ, –º–∞–∑–∞–Ω–µ, —Ç–æ–ø–ª–æ –∏ —Ö–∏–¥—Ä–æ –∏–∑–æ–ª–∞—Ü–∏–∏, —Ñ–∞—è–Ω—Å, –≥–∏–ø—Å–æ–∫–∞—Ä—Ç–æ–Ω, —à–ø–∞–∫–ª–æ–≤–∫–∏, –±–æ—è–¥–∏—Å–≤–∞–Ω–µ –∏ –¥—Ä—É–≥–∏. –†–∞–±–æ—Ç–Ω–æ –≤—Ä–µ–º–µ: –æ—Ç 08,00—á. –¥–æ 17,00—á. –ù–µ–¥–µ–ª—è: –ø–æ—á–∏–≤–µ–Ω –¥–µ–Ω –û–±–µ–∫—Ç–∏—Ç–µ –Ω–∏ —Å–µ –Ω–∞–º–∏—Ä–∞—Ç –≤ –°–æ—Ñ–∏—è. –í—ä–∑–º–æ–∂–Ω–æ—Å—Ç –∑–∞ –∑–∞–ø–æ—á–≤–∞–Ω–µ –≤–µ–¥–Ω–∞–≥–∞. –ê—Ç—Ä–∞–∫—Ç–∏–≤–Ω–æ –∏ —Ä–µ–¥–æ–≤–Ω–æ –∑–∞–ø–ª–∞—â–∞–Ω–µ!"
"–æ–±–ª–∞—Å—Ç –ú–æ–Ω—Ç–∞–Ω–∞",–†–∞–±–æ—Ç–∞,"–ù–∞–µ–º–∞–º–µ –∫–∞–º–µ–Ω–æ–¥–µ–ª–µ—Ü",https://www.alo.bg/9072935,,"–ù–∞–µ–º–∞ –∫–∞–º–µ–Ω–æ–¥–µ–ª–µ—Ü –æ—Ç –±–≥ –µ—Ç–Ω–æ—Å. –î—ä—Ä–∂–∏–º –Ω–∞ –ü–ï–†–§–ï–ö–¢–ù–û –∫–∞—á–µ—Å—Ç–≤–æ. –°—É—Ö–∞ –∑–∏–¥–∞—Ä–∏—è –∫—ä—â–∏, –∫–æ–º–∏–Ω–∏, –∫–∞–º–∏–Ω–∏ –∏ –¥—Ä—É–≥–∏. –û–ø–∏—Ç –º–∏–Ω. 10–≥. –î—è–ª–∞–Ω –∫–∞–º—ä–∫ -–≥—Ä–∞–Ω–∏—Ç /–∑–∏–¥–∞–Ω–µ /–∫–æ–º–∏–Ω–∏ /—à–∞–ø–∫–∏/ –∏ –¥—Ä –ë–∞–Ω—è, –ø–æ–¥ –∏ –¥—Ä –≤—ä–Ω—à–Ω–∏ –Ω–∞—Å—Ç–∏–ª–∫–∏ - —Ä–µ–¥–µ–Ω–µ –≥—Ä–∞–Ω–∏—Ç –∫–∞–º—ä–∫/—Ä–∏—Å—É–Ω–∞–∫ –ì—Ä–∞–¥–∏–Ω–∞ -—Å—Ç—ä–ø–∞–ª–∞, –ø–ª–æ—Ç–æ–≤–µ, –º–∏–≤–∫–∏ –∏ –¥—Ä –∫–∞–º—ä–∫ –µ–ª–µ–º–µ–Ω—Ç–∏ –í—Å–∏—á–∫–æ —Å–µ —Ä–µ–∂–µ, –∏–∑—á—É–∫–≤–∞ –Ω–∞ –º—è—Å—Ç–æ –Ω–∞ —Ä—ä–∫–∞ –ò–ó–ö–õ–Æ–ß–ò–¢–ï–õ–ù–û –ø—Ä–µ—Ü–∏–∑–Ω–æ –∫–∞—Ç–æ –Ω–∞ —Å–Ω–∏–º–∫–∏. –ù–∞ —Å–Ω–∏–º–∫–∏—Ç–µ –µ –∏–∑–æ–±—Ä–∞–∑–µ–Ω–æ –∫–∞–∫–≤–æ –ø—Ä–∞–≤–∏–º –∏ –∫–∞–∫–≤–æ –∫–∞—á–µ—Å—Ç–≤–æ —Å–µ –∏–∑–∏—Å–∫–≤–∞. –ó–∞–ø–ª–∞—â–∞–Ω–µ –æ—Ç 100-200–ª–≤ –Ω–∞ –∫–≤.–º. —Å–ø–æ—Ä–µ–¥ –≤–∏—Å–æ—á–∏–Ω–∞. –û—Å–∏–≥—É—Ä–µ–Ω–æ —Å–ø–∞–Ω–µ –∏ —Ö—Ä–∞–Ω–∞ –Ω–∞ –æ–±–µ–∫—Ç. –û—á–∞–∫–≤–∞–º–µ –≤–∞—à–∏ –∑–∞–≤—ä—Ä—à–µ–Ω–∏ —Ä–∞–±–æ—Ç–∏(—Å–Ω–∏–º–∫–∏) –Ω–∞ –ø–æ—Å–æ—á–µ–Ω–∏—è –∏-–º–µ–π–ª."
"–æ–±–ª–∞—Å—Ç –ú–æ–Ω—Ç–∞–Ω–∞",–†–∞–±–æ—Ç–∞,"–ü—Ä–æ–¥–∞–≤–∞—á - –ö–æ–Ω—Å—É–ª—Ç–∞–Ω—Ç - –°—É–ø–µ—Ä–º–∞—Ä–∫–µ—Ç!",https://www.alo.bg/8392934,,"–ü—Ä–∏–∑–º–∞ –û–û–î –≥—Ä. –ü—Ä–∏–º–æ—Ä—Å–∫–æ —Ç—ä—Ä—Å–∏ –¥–∞ –Ω–∞–∑–Ω–∞—á–∏ –ø—Ä–æ–¥–∞–≤–∞—á-–∫–æ–Ω—Å—É–ª—Ç–∞–Ω—Ç–∏ –∑–∞ —Ö—Ä–∞–Ω–∏—Ç–µ–ª–Ω–∏ –º–∞–≥–∞–∑–∏–Ω–∏. –†–∞–±–æ—Ç–∞—Ç–∞ –µ —Ü–µ–ª–æ–≥–æ–¥–∏—à–Ω–∞/—Å–µ–∑–æ–Ω–Ω–∞ —Å –æ—Å–∏–≥—É—Ä–µ–Ω–∞ –∫–≤–∞—Ä—Ç–∏—Ä–∞ –∏ –æ–±—è–¥, –∏ –¥–æ–±—Ä–æ –∑–∞–ø–ª–∞—â–∞–Ω–µ. –ó–∞ –ø–æ–≤–µ—á–µ –∏–Ω—Ñ–æ—Ä–º–∞—Ü–∏—è - –º–æ–ª—è .."
"–æ–±–ª–∞—Å—Ç –ú–æ–Ω—Ç–∞–Ω–∞",–†–∞–±–æ—Ç–∞,"–ì–æ–ª—è–º–∞ –±—ä–ª–≥–∞—Ä—Å–∫–∞ –ª–æ–≥–∏—Å—Ç–∏—á–Ω–∞ –∫–æ–º–ø–∞–Ω–∏—è —Ç—ä—Ä—Å–∏ –¥–∞ –Ω–∞–∑–Ω–∞—á–∏ –æ–ø–∏—Ç–Ω–∏ –∏ –∫–≤–∞–ª–∏—Ñ–∏—Ü–∏—Ä–∞–Ω–∏ —Å–∫–ª–∞–¥–æ–≤–∏ —Ä–∞–±–æ—Ç–Ω–∏—Ü–∏",https://www.alo.bg/9123000,,"–ì–û–õ–Ø–ú–ê –ë–™–õ–ì–ê–†–°–ö–ê –õ–û–ì–ò–°–¢–ò–ß–ù–ê –ö–û–ú–ü–ê–ù–ò–Ø –¢–™–†–°–ò –î–ê –ù–ê–ó–ù–ê–ß–ò –û–ü–ò–¢–ù–ò –ò –ö–í–ê–õ–ò–§–ò–¶–ò–†–ê–ù–ò –°–ö–õ–ê–î–û–í–ò –†–ê–ë–û–¢–ù–ò–¶–ò –∑–∞ —Ä–∞–±–æ—Ç–∞ –≤ –õ–æ–≥–∏—Å—Ç–∏—á–Ω–∏ —Ü–µ–Ω—Ç—Ä–æ–≤–µ –≤ –≥—Ä. –°–æ—Ñ–∏—è –≤ –∫–≤. –õ—é–ª–∏–Ω –∏ –∫–≤. –•–∞–¥–∂–∏ –î–∏–º–∏—Ç—ä—Ä. 1. –ü–û–ó–ò–¶–ò–ò: .."
"–æ–±–ª–∞—Å—Ç –ú–æ–Ω—Ç–∞–Ω–∞",–†–∞–±–æ—Ç–∞,"–°–ª—É–∂–∏—Ç–µ–ª –ü–æ–¥–¥—Ä—ä–∂–∫–∞ —Å–≥—Ä–∞–¥–∞ –∏ —Ä–µ–º–æ–Ω—Ç–Ω–∞ –¥–µ–π–Ω–æ—Å—Ç",https://www.alo.bg/9146057,,"–•–æ—Ç–µ–ª ‚Äù–ú–∞—Ä—Ç–∏–Ω–µ–∑‚Äù, –≥—Ä. –°–æ–∑–æ–ø–æ–ª, —Ç—ä—Ä—Å–∏ –¥–∞ –Ω–∞–∑–Ω–∞—á–∏: –°–õ–£–ñ–ò–¢–ï–õ –ü–û–î–î–†–™–ñ–ö–ê –°–ì–†–ê–î–ê –ò –†–ï–ú–û–ù–¢–ù–ê –î–ï–ô–ù–û–°–¢ –û–°–ù–û–í–ù–ò –î–ï–ô–ù–û–°–¢–ò –ò –û–¢–ì–û–í–û–†–ù–û–°–¢–ò - –ü–æ–¥–¥—ä—Ä–∂–∞ –≤ –∏–∑–ø—Ä–∞–≤–Ω–æ—Å—Ç –ø–æ–≤–µ—Ä–µ–Ω–∏—Ç–µ –º—É —Å—ä–æ—Ä—ä–∂–µ–Ω–∏—è –≤ –∫–æ–º–ø–ª–µ–∫—Å–∞. - .."
"–æ–±–ª–∞—Å—Ç –ú–æ–Ω—Ç–∞–Ω–∞",–†–∞–±–æ—Ç–∞,"–¢—ä—Ä—Å–∏–º —Ö–∏–≥–∏–µ–Ω–∏—Å—Ç–∫–∞, –ø—Ä–µ–¥–ª–∞–≥–∞–º–µ –∫–≤–∞—Ä—Ç–∏—Ä–∞",https://www.alo.bg/9041363,,"–ü–µ—Ç –¥–Ω–µ–≤–Ω–∞ —Ä–∞–±–æ—Ç–Ω–∞ —Å–µ–¥–º–∏—Ü–∞, 8 —á–∞—Å–æ–≤ —Ä–∞–±–æ—Ç–µ–Ω –¥–µ–Ω, –Ω–∞—á–∞–ª–æ –Ω–∞ —Ä–∞–±–æ—Ç–Ω–∏—è –¥–µ–Ω –ø–æ –¥–æ–≥–æ–≤–∞—Ä—è–Ω–µ. –ü–æ—á–∏—Å—Ç–≤–∞–Ω–µ –Ω–∞ –æ—Ñ–∏—Å–∏ –∏ –æ–±—â–∏ —á–∞—Å—Ç–∏ /–∫–æ—Ä–∏–¥–æ—Ä–∏, —Å–∞–Ω–∏—Ç–∞—Ä–Ω–∏ –≤—ä–∑–ª–∏, –ø—Ä–∏–ª–µ–∂–∞—â–∏ —á–∞—Å—Ç–∏/ –≤ –±–∏–∑–Ω–µ—Å —Å–≥—Ä–∞–¥–∞. –ü—Ä–µ–¥–ª–∞–≥–∞–º–µ –∫–≤–∞.."
"–æ–±–ª–∞—Å—Ç –ú–æ–Ω—Ç–∞–Ω–∞",–†–∞–±–æ—Ç–∞,"–ú–µ–∂–¥—É–Ω–∞—Ä–æ–¥–µ–Ω —à–æ—Ñ—å–æ—Ä - —Ö–ª–∞–¥–∏–ª–Ω–∏–∫ / —Ç–∏—Ç—É–ª—è—Ä –Ω–∞ –µ–¥–∏–Ω –∫–∞–º–∏–æ–Ω",https://www.alo.bg/5154738,,"–ö–£–£–õ–¢–†–ê–ù–° –û–û–î –ø—Ä–µ–¥–ª–∞–≥–∞ —Ä–∞–±–æ—Ç–∞ –Ω–∞ –º–µ–∂–¥—É–Ω–∞—Ä–æ–¥–Ω–∏ —à–æ—Ñ—å–æ—Ä–∏ —Å –æ–ø–∏—Ç –∏ –∫–≤–∞–ª–∏—Ñ–∏–∫–∞—Ü–∏—è –Ω–∞ —Ö–ª–∞–¥–∏–ª–Ω–æ —Ä–µ–º–∞—Ä–∫–µ –ø–æ —Å–ª–µ–¥–Ω–∏—Ç–µ —Ä–µ–ª–∞—Ü–∏–∏: - –ì—ä—Ä—Ü–∏—è - –ï–≤—Ä–æ–ø–∞ - –ì—ä—Ä—Ü–∏—è - –ì—ä—Ä—Ü–∏—è - –ó–∞–ø–∞–¥–Ω–∞ –ï–≤—Ä–æ–ø–∞ - –ê–Ω–≥–ª–∏—è - –ì—ä—Ä—Ü–∏—è –ù–µ–æ–±.."
"–æ–±–ª–∞—Å—Ç –ú–æ–Ω—Ç–∞–Ω–∞",–†–∞–±–æ—Ç–∞,"–ù–∞–±–∏—Ä–∞–º–µ –æ—Ö—Ä–∞–Ω–∏—Ç–µ–ª–∏",https://www.alo.bg/9086276,,"–ù–∞–±–∏—Ä–∞–º–µ –æ—Ö—Ä–∞–Ω–∏—Ç–µ–ª–∏ –∑–∞ –º–Ω–æ–∂–µ—Å—Ç–≤–æ –æ–±–µ–∫—Ç–∏ –≤ —Ä–∞–π–æ–Ω–∞ –Ω–∞ –≥—Ä. –°–æ—Ñ–∏—è -–ü—Ä–µ–¥–ª–∞–≥–∞–º–µ –¥–æ–±—Ä–æ –∑–∞–ø–ª–∞—â–∞–Ω–µ -–†–∞–±–æ—Ç–∞ –ø–æ –ø—Ä–µ–¥–≤–∞—Ä–∏—Ç–µ–ª–Ω–æ —É—Ç–≤—ä—Ä–¥–µ–Ω –≥—Ä–∞—Ñ–∏–∫ -–ü—Ä–∏—è—Ç–Ω–æ –∏ –ø–æ–¥–¥—ä—Ä–∂–∞–Ω–æ —Ä–∞–±–æ—Ç–Ω–æ –º—è—Å—Ç–æ -–¢—Ä—É–¥–æ–≤ –¥–æ–≥–æ–≤–æ—Ä –∏ –≤–∫–ª—é—á–µ–Ω–∏ –æ—Å.."
"–æ–±–ª–∞—Å—Ç –ú–æ–Ω—Ç–∞–Ω–∞",–†–∞–±–æ—Ç–∞,"–†—ä–∫–æ–≤–æ–¥–∏—Ç–µ–ª —Å –±—ä–ª–≥–∞—Ä—Å–∫–∏ –µ–∑–∏–∫",https://www.alo.bg/9086913,,"–î–æ–±—ä—Ä –¥–µ–Ω! –¢—ä—Ä—Å–∏–º –æ—Ç–≥–æ–≤–æ—Ä–µ–Ω —Å—É–ø–µ—Ä–≤–∞–π–∑–µ—Ä, –∫–æ–π—Ç–æ –¥–∞ –Ω–∞–±–ª—é–¥–∞–≤–∞ —Ä–∞–±–æ—Ç–Ω–∏—è –ø—Ä–æ—Ü–µ—Å –≤ –Ω–∞—à–∏—Ç–µ —Å—ä–æ—Ä—ä–∂–µ–Ω–∏—è. –†–æ–ª—è—Ç–∞ –µ —Å–ª–æ–∂–Ω–∞. –¢–æ–π –Ω—è–º–∞ –¥–∞ –±—ä–¥–µ –ø—Ä–æ—Å—Ç–æ –Ω—è–∫–æ–π, –∫–æ–π—Ç–æ –∫–æ–Ω—Ç—Ä–æ–ª–∏—Ä–∞ —Ä–∞–±–æ—Ç–∞—Ç–∞ –Ω–∞ –¥—Ä—É–≥–∏—Ç–µ. –°—É–ø–µ—Ä–≤–∞–π–∑–æ—Ä.."
"–æ–±–ª–∞—Å—Ç –ú–æ–Ω—Ç–∞–Ω–∞",–†–∞–±–æ—Ç–∞,"–ü–æ–º–æ—â–Ω–∏–∫ –≤—ä–≤ –ø—É–Ω–∫—Ç –∑–∞ —Ç–µ—Ö–Ω–∏—á–µ—Å–∫–∏ –ø—Ä–µ–≥–ª–µ–¥–∏",https://www.alo.bg/9136556,,"‚Äù–ê–≤—Ç–æ–∫–æ–º–ø–ª–µ–∫—Å –ò–ª–∏–Ω–¥–µ–Ω‚Äù —Ç—ä—Ä—Å–∏ –¥–∞ –Ω–∞–∑–Ω–∞—á–∏ —Ç–µ—Ö–Ω–∏–∫, –Ω–∞ –ø—É–Ω–∫—Ç –∑–∞ –≥–æ–¥–∏—à–Ω–∏ —Ç–µ—Ö–Ω–∏—á–µ—Å–∫–∏ –ø—Ä–µ–≥–ª–µ–¥–∏ –Ω–∞ –ø–æ—Å—Ç–æ—è–Ω–µ–Ω –¥–æ–≥–æ–≤–æ—Ä. –ò–∑–∏—Å–∫–≤–∞–Ω–∏—è: -–®–æ—Ñ—å–æ—Ä—Å–∫–∞ –∫–Ω–∏–∂–∫–∞, –º–∏–Ω. –∫–∞—Ç.B -–î–æ–±—Ä–∞ –∫–æ–º—É–Ω–∏–∫–∞—Ç–∏–≤–Ω–æ—Å—Ç -–ñ–µ–ª–∞–Ω–∏–µ –∑–∞ –¥—ä–ª.."
"–æ–±–ª–∞—Å—Ç –ú–æ–Ω—Ç–∞–Ω–∞",–†–∞–±–æ—Ç–∞,"–¢—ä—Ä—Å–∏ –æ—Ö—Ä–∞–Ω–∏—Ç–µ–ª",https://www.alo.bg/9159278,,"–ü—É–±–ª–∏–∫—É–≤–∞–Ω–æ –æ—Ç ‚Äù–ë—é—Ä–æ –ø–æ —Ç—Ä—É–¥–∞‚Äù: [ –î–ë–¢ - –ú–æ–Ω—Ç–∞–Ω–∞ ] –ú—è—Å—Ç–æ –Ω–∞ —Ä–∞–±–æ—Ç–∞—Ç–∞: –ù–∞—Åe–ª–µ–Ω–æ –º—è—Å—Ç–æ –∫—ä–º –æ–±—â. –ú–æ–Ω—Ç–∞–Ω–∞, –æ–±–ª. –ú–æ–Ω—Ç–∞–Ω–∞ –ù–∞–∏–º–µ–Ω–æ–≤–∞–Ω–∏–µ –Ω–∞ –¥–ª—ä–∂–Ω–æ—Å—Ç—Ç–∞: 5414-1007 - –û—Ö—Ä–∞–Ω–∏—Ç–µ–ª –û—Å–Ω–æ–≤–Ω–∏ –æ—Ç–≥–æ–≤–æ—Ä–Ω–æ—Å—Ç–∏: –æ—Ö—Ä–∞–Ω–∏—Ç–µ–ª–Ω.."
"–æ–±–ª–∞—Å—Ç –ú–æ–Ω—Ç–∞–Ω–∞",–†–∞–±–æ—Ç–∞,"–¢—ä—Ä—Å–∏ –º–µ–¥–∏—Ü–∏–Ω—Å–∫–∏ –ª–∞–±–æ—Ä–∞–Ω—Ç",https://www.alo.bg/7086742,,"–ü—É–±–ª–∏–∫—É–≤–∞–Ω–æ –æ—Ç ‚Äù–ë—é—Ä–æ –ø–æ —Ç—Ä—É–¥–∞‚Äù: [ –î–ë–¢ - –ú–æ–Ω—Ç–∞–Ω–∞ ] –ú—è—Å—Ç–æ –Ω–∞ —Ä–∞–±–æ—Ç–∞—Ç–∞: –ù–∞—Åe–ª–µ–Ω–æ –º—è—Å—Ç–æ –∫—ä–º –æ–±—â. –ú–æ–Ω—Ç–∞–Ω–∞, –æ–±–ª. –ú–æ–Ω—Ç–∞–Ω–∞ –ù–∞–∏–º–µ–Ω–æ–≤–∞–Ω–∏–µ –Ω–∞ –¥–ª—ä–∂–Ω–æ—Å—Ç—Ç–∞: 3212-5012 - –ú–µ–¥–∏—Ü–∏–Ω—Å–∫–∏ –ª–∞–±–æ—Ä–∞–Ω—Ç –û—Å–Ω–æ–≤–Ω–∏ –æ—Ç–≥–æ–≤–æ—Ä–Ω–æ—Å—Ç–∏: .."
"–æ–±–ª–∞—Å—Ç –ú–æ–Ω—Ç–∞–Ω–∞",–†–∞–±–æ—Ç–∞,"–¢—Ä–∞–∫–∏–π—Å–∫–∞ –ë–∞–Ω–∏—Ü–∞ –û–≤—á–∞ –ö—É–ø–µ–ª",https://www.alo.bg/9158528,,"–ë–∞–Ω–∏—á–∞—Ä–Ω–∏—Ü–∞ –æ—Ç –≤–µ—Ä–∏–≥–∞—Ç–∞ –¢—Ä–∞–∫–∏–π—Å–∫–∞ –±–∞–Ω–∏—Ü–∞ –≤ –ø–æ–¥–ª–µ–∑–∞ –Ω–∞ –º–µ—Ç—Ä–æ—Å—Ç–∞–Ω—Ü–∏—è –ú–∏–∑–∏—è —Ç—ä—Ä—Å–∏ –¥–∞ –Ω–∞–∑–Ω–∞—á–∏ –ø–µ–∫–∞—Ä–∏ –∏ –∫–∞—Å–∏–µ—Ä–∏ –Ω–∞ –ø–æ—Å—Ç–æ—è–Ω–µ–Ω —Ç—Ä—É–¥–æ–≤ –¥–æ–≥–æ–≤–æ—Ä –∏ –∫–æ–Ω–∫—É—Ä–µ–Ω—Ç–Ω–æ –∑–∞ –±—Ä–∞–Ω—à–∞ –≤—ä–∑–Ω–∞–≥—Ä–∞–∂–¥–µ–Ω–∏–µ"
"–æ–±–ª–∞—Å—Ç –ú–æ–Ω—Ç–∞–Ω–∞",–†–∞–±–æ—Ç–∞,"–¢—ä—Ä—Å–∏ –º–ª–∞–¥—à–∏ –µ–∫—Å–ø–µ—Ä—Ç",https://www.alo.bg/9156747,,"–ü—É–±–ª–∏–∫—É–≤–∞–Ω–æ –æ—Ç ‚Äù–ë—é—Ä–æ –ø–æ —Ç—Ä—É–¥–∞‚Äù: [ –î–ë–¢ - –ú–æ–Ω—Ç–∞–Ω–∞ ] –ú—è—Å—Ç–æ –Ω–∞ —Ä–∞–±–æ—Ç–∞—Ç–∞: –ù–∞—Åe–ª–µ–Ω–æ –º—è—Å—Ç–æ –∫—ä–º –æ–±—â. –Ø–∫–∏–º–æ–≤–æ, –æ–±–ª. –ú–æ–Ω—Ç–∞–Ω–∞ –ù–∞–∏–º–µ–Ω–æ–≤–∞–Ω–∏–µ –Ω–∞ –¥–ª—ä–∂–Ω–æ—Å—Ç—Ç–∞: 2422-5040 - –ú–ª–∞–¥—à–∏ –µ–∫—Å–ø–µ—Ä—Ç –û—Å–Ω–æ–≤–Ω–∏ –æ—Ç–≥–æ–≤–æ—Ä–Ω–æ—Å—Ç–∏: –£—á–∞—Å—Ç.."
"–æ–±–ª–∞—Å—Ç –ú–æ–Ω—Ç–∞–Ω–∞",–†–∞–±–æ—Ç–∞,"–¢—ä—Ä—Å–∏ —à–ª–æ—Å–µ—Ä",https://www.alo.bg/9156698,,"–ü—É–±–ª–∏–∫—É–≤–∞–Ω–æ –æ—Ç ‚Äù–ë—é—Ä–æ –ø–æ —Ç—Ä—É–¥–∞‚Äù: [ –î–ë–¢ - –ú–æ–Ω—Ç–∞–Ω–∞ ] –ú—è—Å—Ç–æ –Ω–∞ —Ä–∞–±–æ—Ç–∞—Ç–∞: –ù–∞—Åe–ª–µ–Ω–æ –º—è—Å—Ç–æ –∫—ä–º –æ–±—â. –ú–æ–Ω—Ç–∞–Ω–∞, –æ–±–ª. –ú–æ–Ω—Ç–∞–Ω–∞ –ù–∞–∏–º–µ–Ω–æ–≤–∞–Ω–∏–µ –Ω–∞ –¥–ª—ä–∂–Ω–æ—Å—Ç—Ç–∞: 7222-3011 - –®–ª–æ—Å–µ—Ä –û—Å–Ω–æ–≤–Ω–∏ –æ—Ç–≥–æ–≤–æ—Ä–Ω–æ—Å—Ç–∏: –û—Å–Ω–æ–≤–Ω–∏ –∑–∞–¥—ä–ª.."
"–æ–±–ª–∞—Å—Ç –ú–æ–Ω—Ç–∞–Ω–∞",–†–∞–±–æ—Ç–∞,"–¢—ä—Ä—Å–∏ –ª–∏—á–µ–Ω –∞—Å–∏—Å—Ç–µ–Ω—Ç",https://www.alo.bg/9156622,,"–ü—É–±–ª–∏–∫—É–≤–∞–Ω–æ –æ—Ç ‚Äù–ë—é—Ä–æ –ø–æ —Ç—Ä—É–¥–∞‚Äù: [ –î–ë–¢ - –ú–æ–Ω—Ç–∞–Ω–∞ ] –ú—è—Å—Ç–æ –Ω–∞ —Ä–∞–±–æ—Ç–∞—Ç–∞: –ù–∞—Åe–ª–µ–Ω–æ –º—è—Å—Ç–æ –∫—ä–º –æ–±—â. –ú–æ–Ω—Ç–∞–Ω–∞, –æ–±–ª. –ú–æ–Ω—Ç–∞–Ω–∞ –ù–∞–∏–º–µ–Ω–æ–≤–∞–Ω–∏–µ –Ω–∞ –¥–ª—ä–∂–Ω–æ—Å—Ç—Ç–∞: 5322-1002 - –õ–∏—á–µ–Ω –∞—Å–∏—Å—Ç–µ–Ω—Ç –û—Å–Ω–æ–≤–Ω–∏ –æ—Ç–≥–æ–≤–æ—Ä–Ω–æ—Å—Ç–∏: –û—Ä–≥–∞–Ω.."
"–æ–±–ª–∞—Å—Ç –ú–æ–Ω—Ç–∞–Ω–∞",–†–∞–±–æ—Ç–∞,"–¢—ä—Ä—Å–∏ —à–∏–≤–∞—á",https://www.alo.bg/7880205,,"–ü—É–±–ª–∏–∫—É–≤–∞–Ω–æ –æ—Ç ‚Äù–ë—é—Ä–æ –ø–æ —Ç—Ä—É–¥–∞‚Äù: [ –î–ë–¢ - –ë–µ—Ä–∫–æ–≤–∏—Ü–∞ ] –ú—è—Å—Ç–æ –Ω–∞ —Ä–∞–±–æ—Ç–∞—Ç–∞: –ù–∞—Åe–ª–µ–Ω–æ –º—è—Å—Ç–æ –∫—ä–º –æ–±—â. –ë–µ—Ä–∫–æ–≤–∏—Ü–∞, –æ–±–ª. –ú–æ–Ω—Ç–∞–Ω–∞ –ù–∞–∏–º–µ–Ω–æ–≤–∞–Ω–∏–µ –Ω–∞ –¥–ª—ä–∂–Ω–æ—Å—Ç—Ç–∞: 7533-1014 - –®–∏–≤–∞—á –û—Å–Ω–æ–≤–Ω–∏ –æ—Ç–≥–æ–≤–æ—Ä–Ω–æ—Å—Ç–∏: –û—Å–∏–≥—É—Ä—è–≤–∞ .."
"–æ–±–ª–∞—Å—Ç –ú–æ–Ω—Ç–∞–Ω–∞",–†–∞–±–æ—Ç–∞,"–¢—ä—Ä—Å–∏ —Ñ–∞—Ä–º–∞—Ü–µ–≤—Ç –º–∞–≥–∏—Å—Ç—ä—Ä",https://www.alo.bg/7104597,,"–ü—É–±–ª–∏–∫—É–≤–∞–Ω–æ –æ—Ç ‚Äù–ë—é—Ä–æ –ø–æ —Ç—Ä—É–¥–∞‚Äù: [ –î–ë–¢ - –ú–æ–Ω—Ç–∞–Ω–∞ ] –ú—è—Å—Ç–æ –Ω–∞ —Ä–∞–±–æ—Ç–∞—Ç–∞: –ù–∞—Åe–ª–µ–Ω–æ –º—è—Å—Ç–æ –∫—ä–º –æ–±—â. –ú–æ–Ω—Ç–∞–Ω–∞, –æ–±–ª. –ú–æ–Ω—Ç–∞–Ω–∞ –ù–∞–∏–º–µ–Ω–æ–≤–∞–Ω–∏–µ –Ω–∞ –¥–ª—ä–∂–Ω–æ—Å—Ç—Ç–∞: 2262-7003 - –§–∞—Ä–º–∞—Ü–µ–≤—Ç –º–∞–≥–∏—Å—Ç—ä—Ä –û—Å–Ω–æ–≤–Ω–∏ –æ—Ç–≥–æ–≤–æ—Ä–Ω–æ—Å—Ç–∏: 1.."
"–æ–±–ª–∞—Å—Ç –ú–æ–Ω—Ç–∞–Ω–∞",–†–∞–±–æ—Ç–∞,"–¢—ä—Ä—Å–∏ –ª–µ–∫–∞—Ä, –æ—Ä—Ç–æ–ø–µ–¥–∏—è –∏ —Ç—Ä–∞–≤–º–∞—Ç–æ–ª–æ–≥–∏—è",https://www.alo.bg/7086753,,"–ü—É–±–ª–∏–∫—É–≤–∞–Ω–æ –æ—Ç ‚Äù–ë—é—Ä–æ –ø–æ —Ç—Ä—É–¥–∞‚Äù: [ –î–ë–¢ - –ú–æ–Ω—Ç–∞–Ω–∞ ] –ú—è—Å—Ç–æ –Ω–∞ —Ä–∞–±–æ—Ç–∞—Ç–∞: –ù–∞—Åe–ª–µ–Ω–æ –º—è—Å—Ç–æ –∫—ä–º –æ–±—â. –ú–æ–Ω—Ç–∞–Ω–∞, –æ–±–ª. –ú–æ–Ω—Ç–∞–Ω–∞ –ù–∞–∏–º–µ–Ω–æ–≤–∞–Ω–∏–µ –Ω–∞ –¥–ª—ä–∂–Ω–æ—Å—Ç—Ç–∞: 2212-7062 - –õ–µ–∫–∞—Ä, –æ—Ä—Ç–æ–ø–µ–¥–∏—è –∏ —Ç—Ä–∞–≤–º–∞—Ç–æ–ª–æ–≥–∏—è –û—Å–Ω–æ–≤–Ω–∏ –æ.."
"–æ–±–ª–∞—Å—Ç –ú–æ–Ω—Ç–∞–Ω–∞",–†–∞–±–æ—Ç–∞,"–¢—ä—Ä—Å–∏ –ª–µ–∫–∞—Ä, –ø–µ–¥–∏–∞—Ç—Ä–∏—è",https://www.alo.bg/7086750,,"–ü—É–±–ª–∏–∫—É–≤–∞–Ω–æ –æ—Ç ‚Äù–ë—é—Ä–æ –ø–æ —Ç—Ä—É–¥–∞‚Äù: [ –î–ë–¢ - –ú–æ–Ω—Ç–∞–Ω–∞ ] –ú—è—Å—Ç–æ –Ω–∞ —Ä–∞–±–æ—Ç–∞—Ç–∞: –ù–∞—Åe–ª–µ–Ω–æ –º—è—Å—Ç–æ –∫—ä–º –æ–±—â. –ú–æ–Ω—Ç–∞–Ω–∞, –æ–±–ª. –ú–æ–Ω—Ç–∞–Ω–∞ –ù–∞–∏–º–µ–Ω–æ–≤–∞–Ω–∏–µ –Ω–∞ –¥–ª—ä–∂–Ω–æ—Å—Ç—Ç–∞: 2211-7005 - –õ–µ–∫–∞—Ä, –ø–µ–¥–∏–∞—Ç—Ä–∏—è –û—Å–Ω–æ–≤–Ω–∏ –æ—Ç–≥–æ–≤–æ—Ä–Ω–æ—Å—Ç–∏: 1. .."
"–æ–±–ª–∞—Å—Ç –ú–æ–Ω—Ç–∞–Ω–∞",–†–∞–±–æ—Ç–∞,"–¢—ä—Ä—Å–∏ –ª–µ–∫–∞—Ä, –∫–∞—Ä–¥–∏–æ–ª–æ–≥–∏—è",https://www.alo.bg/7086748,,"–ü—É–±–ª–∏–∫—É–≤–∞–Ω–æ –æ—Ç ‚Äù–ë—é—Ä–æ –ø–æ —Ç—Ä—É–¥–∞‚Äù: [ –î–ë–¢ - –ú–æ–Ω—Ç–∞–Ω–∞ ] –ú—è—Å—Ç–æ –Ω–∞ —Ä–∞–±–æ—Ç–∞—Ç–∞: –ù–∞—Åe–ª–µ–Ω–æ –º—è—Å—Ç–æ –∫—ä–º –æ–±—â. –ú–æ–Ω—Ç–∞–Ω–∞, –æ–±–ª. –ú–æ–Ω—Ç–∞–Ω–∞ –ù–∞–∏–º–µ–Ω–æ–≤–∞–Ω–∏–µ –Ω–∞ –¥–ª—ä–∂–Ω–æ—Å—Ç—Ç–∞: 2212-7017 - –õ–µ–∫–∞—Ä, –∫–∞—Ä–¥–∏–æ–ª–æ–≥–∏—è –û—Å–Ω–æ–≤–Ω–∏ –æ—Ç–≥–æ–≤–æ—Ä–Ω–æ—Å—Ç–∏: 1.."
"–æ–±–ª–∞—Å—Ç –ú–æ–Ω—Ç–∞–Ω–∞",–†–∞–±–æ—Ç–∞,"–¢—ä—Ä—Å–∏ –ª–µ–∫–∞—Ä, –ø—Å–∏—Ö–∏–∞—Ç—Ä–∏—è",https://www.alo.bg/7084779,,"–ü—É–±–ª–∏–∫—É–≤–∞–Ω–æ –æ—Ç ‚Äù–ë—é—Ä–æ –ø–æ —Ç—Ä—É–¥–∞‚Äù: [ –î–ë–¢ - –ú–æ–Ω—Ç–∞–Ω–∞ ] –ú—è—Å—Ç–æ –Ω–∞ —Ä–∞–±–æ—Ç–∞—Ç–∞: –ù–∞—Åe–ª–µ–Ω–æ –º—è—Å—Ç–æ –∫—ä–º –æ–±—â. –ú–æ–Ω—Ç–∞–Ω–∞, –æ–±–ª. –ú–æ–Ω—Ç–∞–Ω–∞ –ù–∞–∏–º–µ–Ω–æ–≤–∞–Ω–∏–µ –Ω–∞ –¥–ª—ä–∂–Ω–æ—Å—Ç—Ç–∞: 2212-7039 - –õ–µ–∫–∞—Ä, –ø—Å–∏—Ö–∏–∞—Ç—Ä–∏—è –û—Å–Ω–æ–≤–Ω–∏ –æ—Ç–≥–æ–≤–æ—Ä–Ω–æ—Å—Ç–∏: 1..."
"–æ–±–ª–∞—Å—Ç –ú–æ–Ω—Ç–∞–Ω–∞",–†–∞–±–æ—Ç–∞,"–¢—ä—Ä—Å–∏ —á–∏—Å—Ç–∞—á, –ø—Ä–æ–∏–∑–≤–æ–¥—Å—Ç–≤–µ–Ω–∏ –ø–æ–º–µ—â–µ–Ω–∏—è",https://www.alo.bg/9151896,,"–ü—É–±–ª–∏–∫—É–≤–∞–Ω–æ –æ—Ç ‚Äù–ë—é—Ä–æ –ø–æ —Ç—Ä—É–¥–∞‚Äù: [ –î–ë–¢ - –õ–æ–º ] –ú—è—Å—Ç–æ –Ω–∞ —Ä–∞–±–æ—Ç–∞—Ç–∞: –ù–∞—Åe–ª–µ–Ω–æ –º—è—Å—Ç–æ –∫—ä–º –æ–±—â. –õ–æ–º, –æ–±–ª. –ú–æ–Ω—Ç–∞–Ω–∞ –ù–∞–∏–º–µ–Ω–æ–≤–∞–Ω–∏–µ –Ω–∞ –¥–ª—ä–∂–Ω–æ—Å—Ç—Ç–∞: 9112-0003 - –ß–∏—Å—Ç–∞—á, –ø—Ä–æ–∏–∑–≤–æ–¥—Å—Ç–≤–µ–Ω–∏ –ø–æ–º–µ—â–µ–Ω–∏—è –û—Å–Ω–æ–≤–Ω–∏ –æ—Ç–≥–æ–≤–æ—Ä–Ω–æ.."
"–æ–±–ª–∞—Å—Ç –ú–æ–Ω—Ç–∞–Ω–∞",–†–∞–±–æ—Ç–∞,"–¢—ä—Ä—Å–∏ –æ—Ä–≥–∞–Ω–∏–∑–∞—Ç–æ—Ä, –µ–∫—Å–ø–µ–¥–∏—Ü–∏—è/—Ç–æ–≤–æ—Ä–æ-—Ä–∞–∑—Ç–æ–≤–∞—Ä–Ω–∞ –∏ —Å–ø–µ–¥–∏—Ç–æ—Ä—Å–∫–∞ –¥–µ–π–Ω–æ—Å—Ç",https://www.alo.bg/9151877,,"–ü—É–±–ª–∏–∫—É–≤–∞–Ω–æ –æ—Ç ‚Äù–ë—é—Ä–æ –ø–æ —Ç—Ä—É–¥–∞‚Äù: [ –î–ë–¢ - –ú–æ–Ω—Ç–∞–Ω–∞ ] –ú—è—Å—Ç–æ –Ω–∞ —Ä–∞–±–æ—Ç–∞—Ç–∞: –ù–∞—Åe–ª–µ–Ω–æ –º—è—Å—Ç–æ –∫—ä–º –æ–±—â. –ú–æ–Ω—Ç–∞–Ω–∞, –æ–±–ª. –ú–æ–Ω—Ç–∞–Ω–∞ –ù–∞–∏–º–µ–Ω–æ–≤–∞–Ω–∏–µ –Ω–∞ –¥–ª—ä–∂–Ω–æ—Å—Ç—Ç–∞: 4321-2010 - –û—Ä–≥–∞–Ω–∏–∑–∞—Ç–æ—Ä, –µ–∫—Å–ø–µ–¥–∏—Ü–∏—è/—Ç–æ–≤–æ—Ä–æ-—Ä–∞–∑—Ç–æ–≤–∞—Ä–Ω–∞ –∏.."
"–æ–±–ª–∞—Å—Ç –ú–æ–Ω—Ç–∞–Ω–∞",–†–∞–±–æ—Ç–∞,"–¢—ä—Ä—Å–∏ —à–æ—Ñ—å–æ—Ä, –∞–≤—Ç–æ–±—É—Å",https://www.alo.bg/9151851,,"–ü—É–±–ª–∏–∫—É–≤–∞–Ω–æ –æ—Ç ‚Äù–ë—é—Ä–æ –ø–æ —Ç—Ä—É–¥–∞‚Äù: [ –î–ë–¢ - –õ–æ–º ] –ú—è—Å—Ç–æ –Ω–∞ —Ä–∞–±–æ—Ç–∞—Ç–∞: –ù–∞—Åe–ª–µ–Ω–æ –º—è—Å—Ç–æ –∫—ä–º –æ–±—â. –õ–æ–º, –æ–±–ª. –ú–æ–Ω—Ç–∞–Ω–∞ –ù–∞–∏–º–µ–Ω–æ–≤–∞–Ω–∏–µ –Ω–∞ –¥–ª—ä–∂–Ω–æ—Å—Ç—Ç–∞: 8331-2002 - –®–æ—Ñ—å–æ—Ä, –∞–≤—Ç–æ–±—É—Å –û—Å–Ω–æ–≤–Ω–∏ –æ—Ç–≥–æ–≤–æ—Ä–Ω–æ—Å—Ç–∏: –£–ø—Ä–∞–≤–ª—è–≤–∞ –ø–æ.."
"–æ–±–ª–∞—Å—Ç –í—Ä–∞—Ü–∞",–†–∞–±–æ—Ç–∞,"–ú–∞–≥–∞–∑–∏–Ω –∑–∞ –ø–ª–æ–¥–æ–≤–µ –∏ –∑–µ–ª–µ–Ω—á—É—Ü–∏ —Ç—ä—Ä—Å–∏ –ø—Ä–æ–¥–∞–≤–∞—á–∫–∞",https://www.alo.bg/9156008,,"–°–æ—Ñ–∏—è, –°—Ç—É–¥–µ–Ω—Ç—Å–∫–∏ –≥—Ä–∞–¥, –º–∞–≥–∞–∑–∏–Ω –∑–∞ –ø–ª–æ–¥–æ–≤–µ –∏ –∑–µ–ª–µ–Ω—á—É—Ü–∏ —Ç—ä—Ä—Å–∏ –ø—Ä–æ–¥–∞–≤–∞—á–∫–∞, –º–æ–∂–µ –∏ –±–µ–∑ –æ–ø–∏—Ç. –ü—Ä–∏ –Ω—É–∂–¥–∞ –ø—Ä–µ–¥–ª–∞–≥–∞ –±–µ–∑–ø–ª–∞—Ç–Ω–∞ –∫–≤–∞—Ä—Ç–∏—Ä–∞. –°—Ç–∞—Ä—Ç–æ–≤–∞ –∑–∞–ø–ª–∞—Ç–∞ - 2 900 –ª–≤. + –±–æ–Ω—É—Å–∏ –ó–∞ –ø–æ–≤–µ—á–µ –∏–Ω—Ñ–æ—Ä–º–∞—Ü–∏—è, –æ–±–∞–¥–µ—Ç–µ —Å–µ –Ω–∞ –ø–æ—Å–æ—á–µ–Ω–∏—è —Ç–µ–ª–µ—Ñ–æ–Ω –∑–∞ –∫–æ–Ω—Ç–∞–∫—Ç–∏"
"–æ–±–ª–∞—Å—Ç –í—Ä–∞—Ü–∞",–†–∞–±–æ—Ç–∞,"–ü—Ä–µ–¥–ª–∞–≥–∞–º–µ —Ä–∞–±–æ—Ç–∞ –∑–∞ –º–µ–∂–¥—É–Ω–∞—Ä–æ–¥–Ω–∏ —à–æ—Ñ—å–æ—Ä–∏, –≤—ä—Ç—Ä–µ—à–Ω–æ –≤ –ï–≤—Ä–æ–ø–∞, —Ñ–∏–∫—Å–∏—Ä–∞–Ω–∞ –ª–∏–Ω–∏—è",https://www.alo.bg/8605948,,"–ú–µ–∂–¥—É–Ω–∞—Ä–æ–¥–µ–Ω –®–æ—Ñ—å–æ—Ä –ü—Ä–µ–¥–ª–∞–≥–∞–º–µ —Ä–∞–±–æ—Ç–∞ –∑–∞ –º–µ–∂–¥—É–Ω–∞—Ä–æ–¥–Ω–∏ —à–æ—Ñ—å–æ—Ä–∏, –≤—ä—Ç—Ä–µ—à–Ω–æ –≤ –ï–≤—Ä–æ–ø–∞: –§–∏–∫—Å–∏—Ä–∞–Ω–∞ –ª–∏–Ω–∏—è DHL Regensburg –ì–µ—Ä–º–∞–Ω–∏—è-–ê–≤—Å—Ç—Ä–∏—è-–ì–µ—Ä–º–∞–Ω–∏—è BDF –ö–æ–Ω—Ç–µ–π–Ω–µ—Ä–∏. (—Ö–µ–Ω–≥–µ—Ä, –¥–≤–æ–π–Ω–æ-—á—É–ø–µ–Ω–µ) –ò–ó–ò–°–ö–í–ê–ù–ò–Ø: –û–ø–∏—Ç –∫–∞—Ç–æ –º–µ–∂–¥—É–Ω–∞—Ä–æ–¥–µ–Ω —à–æ—Ñ—å–æ—Ä - –∂–µ–ª–∞—Ç–µ–ª–Ω–æ –ö–∞—Ç–µ–≥–æ—Ä–∏—è ‚ÄùC+–ï‚Äù –ü—Ä–æ—Ñ–µ—Å–∏–æ–Ω–∞–ª–Ω–∞ –∫–æ–º–ø–µ—Ç–µ–Ω—Ç–Ω–æ—Å—Ç –í–∞–ª–∏–¥–Ω–æ —Å–≤–∏–¥–µ—Ç–µ–ª—Å—Ç–≤–æ –∑–∞ –ø—Å–∏—Ö–æ–ª–æ–≥–∏—á–µ—Å–∫–∞ –≥–æ–¥–Ω–æ—Å—Ç –ö–∞—Ä—Ç–∞ –∑–∞ –¥–∏–≥–∏—Ç–∞–ª–µ–Ω —Ç–∞—Ö–æ–≥—Ä–∞—Ñ –ë–∏–æ–≥—Ä–∞—Ñ–∏—è –£–º–µ–Ω–∏—è –∑–∞ —Ä–∞–±–æ—Ç–∞ —Å —Ç–µ–ª–µ—Ñ–æ–Ω –ù–∏–µ –ø—Ä–µ–¥–ª–∞–≥–∞–º–µ: –ú–µ—Å–µ—á–Ω–æ –≤—ä–∑–Ω–∞–≥—Ä–∞–∂–¥–µ–Ω–∏–µ –æ—Ç 3000 –¥–æ 3300 –µ–≤—Ä–æ/–Ω–µ—Ç–æ. –ó–∞–ø–ª–∞—â–∞–Ω–µ –Ω–∞ –≤—Å—è–∫–∞ —Ç—Ä–µ—Ç–∞ —Å–µ–¥–º–∏—Ü–∞. –ë—ä–ª–≥–∞—Ä—Å–∫–∏ –¥–æ–≥–æ–≤–æ—Ä –∏ –æ—Å–∏–≥—É—Ä–æ–≤–∫–∏. K–∞–º–∏–æ–Ω–∏ VOLVO, MAN, Mercedes EURO 6 (—Ö–µ–Ω–≥–µ—Ä, —à–µ–π—Ç–∞–Ω, –¥–≤–æ–π.."
"–æ–±–ª–∞—Å—Ç –í—Ä–∞—Ü–∞",–†–∞–±–æ—Ç–∞,"–î–∏—Å—Ç–∞–Ω—Ü–∏–æ–Ω–Ω–∞ —Ä–∞–±–æ—Ç–∞ - —Å—ä–∑–¥–∞–≤–∞–Ω–µ –Ω–∞ –Ω–æ–≤–∏ CRM –∞–∫–∞—É–Ω—Ç–∏",https://www.alo.bg/9150275,,"–¢—ä—Ä—Å—è—Ç —Å–µ —Å–ª—É–∂–∏—Ç–µ–ª–∏ –≤ –∫–æ–º–ø–∞–Ω–∏—è—Ç–∞ CRM Kraft :)üö® –°–ø–µ—à–Ω–æ —Ç—ä—Ä—Å–∏–º –Ω–æ–≤ —Å–ª—É–∂–∏—Ç–µ–ª –∑–∞ —Å–ª–µ–¥–Ω–∏—Ç–µ –¥–µ–π–Ω–æ—Å—Ç–∏: - –í–∫–ª—é—á–≤–∞–Ω–µ –Ω–∞ –∫–ª–∏–µ–Ω—Ç–∏ –∏ —Å—ä–∑–¥–∞–≤–∞–Ω–µ –Ω–∞ –Ω–æ–≤–∏ –∞–∫–∞—É–Ω—Ç–∏ –í–∏–µ –Ω–∞—Å—Ç—Ä–æ–π–≤–∞—Ç–µ CRM —Å–∏—Å—Ç–µ–º–∞—Ç–∞ –∑–∞ –∫–ª–∏–µ–Ω—Ç–∏ –≤—ä–∑ –æ—Å–Ω–æ–≤–∞ –Ω–∞ —à–∞–±–ª–æ–Ω –∏ —Å—ä–∑–¥–∞–≤–∞—Ç–µ –Ω–æ–≤–∏ CRM –ø–æ—Ç—Ä–µ–±–∏—Ç–µ–ª–∏. –í–∏–µ —Å—Ç–µ –ø–æ–¥—Ö–æ–¥—è—â–∏, –∞–∫–æ —Å–ª–µ–¥–Ω–∏—Ç–µ –Ω–µ—â–∞ —Å–µ –æ—Ç–Ω–∞—Å—è—Ç –∑–∞ –≤–∞—Åü§ù: - 1Ô∏è‚É£–∏–º–∞—Ç–µ –ø–æ–Ω–µ 10 —á–∞—Å–∞ —Å–µ–¥–º–∏—á–Ω–æ üïñ - 2Ô∏è‚É£–í–∏–µ –ù–Ø–ú–ê–¢–ï –ø–æ—Å—Ç–æ—è–Ω–Ω–∞ —Ä–∞–±–æ—Ç–∞ –Ω–∞ –ø—ä–ª–µ–Ω —Ä–∞–±–æ—Ç–µ–Ω –¥–µ–Ω –∏ —Å–ª–µ–¥–æ–≤–∞—Ç–µ–ª–Ω–æ –∏–º–∞—Ç–µ –≥—ä–≤–∫–∞–≤ –≥—Ä–∞—Ñ–∏–∫ –∏ –º–æ–∂–µ—Ç–µ –¥–∞ –≤—ä—Ä—à–∏—Ç–µ –Ω–µ—â–∞—Ç–∞ –±—ä—Ä–∑–æ - 3Ô∏è‚É£–ú–æ–∂–µ—Ç–µ –¥–∞ —Å–∏ –ø—Ä–µ–¥—Å—Ç–∞–≤–∏—Ç–µ –¥–∞ —Ä–∞–±–æ—Ç–∏—Ç–µ –Ω–∞ –ø—ä–ª–µ–Ω —Ä–∞–±–æ—Ç–µ–Ω –¥–µ–Ω –≤ –¥—ä–ª–≥–æ—Å—Ä–æ—á–µ–Ω –ø–ª–∞–Ω (—Ç.–µ. –¥–∞ —É–≤–µ–ª–∏—á–∏—Ç–µ –¥–æ 30-40 —á–∞—Å–∞ —Å–µ–¥–º–∏—á–Ω–æ.."
"–æ–±–ª–∞—Å—Ç –í—Ä–∞—Ü–∞",–†–∞–±–æ—Ç–∞,"–ö–æ–Ω—Ç—Ä–æ–ª–∏–Ω–≥ –Ω–∞ –ø—Ä–æ–¥–∞–∂–±–∏—Ç–µ - –î–∏—Å—Ç–∞–Ω—Ü–∏–æ–Ω–Ω–∞ —Ä–∞–±–æ—Ç–∞",https://www.alo.bg/9131549,,"–¢—ä—Ä—Å—è—Ç —Å–µ —Å–ª—É–∂–∏—Ç–µ–ª–∏ –≤ –∫–æ–º–ø–∞–Ω–∏—è—Ç–∞ CRM Kraft :)üö® –°–ø–µ—à–Ω–æ —Ç—ä—Ä—Å–∏–º –Ω–æ–≤ —Å–ª—É–∂–∏—Ç–µ–ª –∑–∞ —Å–ª–µ–¥–Ω–∏—Ç–µ –¥–µ–π–Ω–æ—Å—Ç–∏: - –ö–æ–Ω—Ç—Ä–æ–ª –Ω–∞ –ø—Ä–æ–¥–∞–∂–±–∏—Ç–µ –í–∏–µ –ø—Ä–æ–≤–µ—Ä—è–≤–∞—Ç–µ —Ç–æ—á–Ω–æ—Å—Ç—Ç–∞ –Ω–∞ –ø—Ä–æ–¥–∞–∂–±–∏—Ç–µ –∏ –º–∞—Ä–∫–µ—Ç–∏–Ω–≥–æ–≤–∏—Ç–µ –ø–ª–∞—â–∞–Ω–∏—è, –∏–∑–≤—ä—Ä—à–≤–∞—Ç–µ –æ—Ü–µ–Ω–∫–∏ –∏ –ø–æ —Ç–æ–∑–∏ –Ω–∞—á–∏–Ω –Ω–∞—Å—ä—Ä—á–∞–≤–∞—Ç–µ —Ä–µ–Ω—Ç–∞–±–∏–ª–Ω–æ—Å—Ç—Ç–∞ –Ω–∞ –∫–æ–º–ø–∞–Ω–∏—è—Ç–∞. –í–∏–µ —Å—Ç–µ –ø–æ–¥—Ö–æ–¥—è—â–∏, –∞–∫–æ —Å–ª–µ–¥–Ω–∏—Ç–µ –Ω–µ—â–∞ —Å–µ –æ—Ç–Ω–∞—Å—è—Ç –∑–∞ –≤–∞—Åü§ù: - 1Ô∏è‚É£–∏–º–∞—Ç–µ –ø–æ–Ω–µ 20 —á–∞—Å–∞ —Å–µ–¥–º–∏—á–Ω–æ üïñ - 2Ô∏è‚É£–ò–º–∞—Ç–µ –≤—Ä–µ–º–µ –º–µ–∂–¥—É 9 –∏ 12—á. - 3Ô∏è‚É£–ú–æ–∂–µ—Ç–µ –¥–∞ —Å–∏ –ø—Ä–µ–¥—Å—Ç–∞–≤–∏—Ç–µ –¥–∞ –∏–∑–≤—ä—Ä—à–≤–∞—Ç–µ –∫–æ–Ω—Ç—Ä–æ–ª –Ω–∞ –ø—Ä–æ–¥–∞–∂–±–∏—Ç–µ –≤ –¥—ä–ª–≥–æ—Å—Ä–æ—á–µ–Ω –ø–ª–∞–Ω (—Ç.–µ. –¥–∞ —É–≤–µ–ª–∏—á–∏—Ç–µ –¥–æ 30-40 —á–∞—Å–∞ —Å–µ–¥–º–∏—á–Ω–æ –∑–∞ 1-2 –º–µ—Å–µ—Ü–∞) - 4Ô∏è‚É£ –í–∏–µ —Å—Ç–µ –º–Ω–æ–≥–æ –Ω–∞–¥–µ–∂–¥–Ω–∏ –∏ —Ç–æ—á–Ω–∏ - 5Ô∏è‚É£–ì–æ.."
"–æ–±–ª–∞—Å—Ç –í—Ä–∞—Ü–∞",–†–∞–±–æ—Ç–∞,"–ü–æ–¥–¥—Ä—ä–∂–∫–∞ –∫—ä–º–ø–∏–Ω–≥",https://www.alo.bg/8740683,,"–¢—ä—Ä—Å—è —Å–ø–µ—à–Ω–æ –æ—Ç–≥–æ–≤–æ—Ä–µ–Ω –∏ —Ñ–∏–∑–∏—á–µ—Å–∫–∏ –∑–¥—Ä–∞–≤ —á–æ–≤–µ–∫ –∑–∞ –ø–æ–¥–¥—Ä—ä–∂–∫–∞ –Ω–∞ –∫—ä–º–ø–∏–Ω–≥. –†–∞–±–æ—Ç–∞—Ç–∞ –µ —Å–≤—ä—Ä–∑–∞–Ω–∞ —Å –ø–æ–¥–¥—Ä—ä–∂–∫–∞ –Ω–∞ —Ç–µ—Ä–µ–Ω–∏—Ç–µ- –∫–æ—Å–µ–Ω–µ –Ω–∞ —Ç—Ä–µ–≤–∞, –ø—Ä–µ–∫–æ–ø–∞–≤–∞–Ω–µ –Ω–∞ –¥—Ä—ä–≤—á–µ—Ç–∞, —Ç–æ—Ä–µ–Ω–µ, –ø–æ—á–∏—Å—Ç–≤–∞–Ω–µ, –∫–æ–Ω—Ç—Ä–æ–ª –Ω–∞ –¥–æ—Å—Ç—ä–ø–∞ –Ω–∞ —Ö–æ—Ä–∞, –ª–µ–∫–∏ —Ä–µ–º–æ–Ω—Ç–Ω–∏ –¥–µ–π–Ω–æ—Å—Ç–∏. –ü—Ä–µ–∑ –∑–∏–º–∞—Ç–∞ –∑–∞–ø–ª–∞—Ç–∞—Ç–∞ –µ 1300–ª–≤., –∞ –ø—Ä–µ–∑ –ø—Ä–æ–ª–µ—Ç—Ç–∞ –∏ –ª—è—Ç–æ—Ç–æ —Å–µ –ø–æ–≤–∏—à–∞–≤–∞ –≤ –∑–∞–≤–∏—Å–∏–º–æ—Å—Ç –æ—Ç –ø–æ–µ—Ç–∏—Ç–µ –æ—Ç–≥–æ–≤–æ—Ä–Ω–æ—Å—Ç–∏. –ù–µ–æ–±—Ö–æ–¥–∏–º–æ –µ –¥–∞ –∏–º–∞—Ç–µ —É–º–µ–Ω–∏—è –∑–∞ –±–æ—Ä–∞–≤–µ–Ω–µ —Å –≥—Ä–∞–¥–∏–Ω—Å–∫–∞ —Ç–µ—Ö–Ω–∏–∫–∞ –∫–∞—Ç–æ: —Ç—Ä–∏–º–µ—Ä, –±–µ–Ω–∑–∏–Ω–æ–≤–∞ –∫–æ—Å–∞—á–∫–∞, –ø—Ä—ä—Å–∫–∞—á–∫–∞, –∫–∞–∫—Ç–æ –∏ –ø–æ–∑–Ω–∞–Ω–∏—è –∑–∞ –ª–µ–∫–∏ —Ä–µ–º–æ–Ω—Ç–∏ –ø–æ –ï–õ. –∏ –í–∏–ö. –ó–∞–¥—ä–ª–∂–∏—Ç–µ–ª–Ω–æ –µ –ø—Ä–∏—Ç–µ–∂–∞–≤–∞–Ω–µ—Ç–æ –Ω–∞ –≤–∞–ª–∏–¥–Ω–∞ —à–æ—Ñ—å–æ—Ä—Å–∫–∞ –∫–Ω–∏–∂–∫–∞ –∫–∞—Ç. –í, –∑–∞—â–æ—Ç–æ —Å–µ –Ω–∞–ª–∞–≥–∞ –≤—ä–≤ –≤—Ä—ä–∑–∫–∞ —Å —Ä–∞–±–æ—Ç–∞—Ç–∞ –∏–∑–ø.."
"–æ–±–ª–∞—Å—Ç –í—Ä–∞—Ü–∞",–†–∞–±–æ—Ç–∞,"–¢—ä—Ä—Å–∏–º —Å—Ç—Ä–æ–∏—Ç–µ–ª–Ω–∏ —Ä–∞–±–æ—Ç–Ω–∏—Ü–∏",https://www.alo.bg/9123448,,"–°—Ç—Ä–æ–∏—Ç–µ–ª–Ω–∞ —Ñ–∏—Ä–º–∞ –≤ –≥—Ä. –°–æ—Ñ–∏—è —Å –¥—ä–ª–≥–æ–≥–æ–¥–∏—à–µ–Ω –æ–ø–∏—Ç —Ç—ä—Ä—Å–∏ –¥–∞ –Ω–∞–∑–Ω–∞—á–∏ –Ω–∞ –ø–æ—Å—Ç–æ—è–Ω–µ–Ω —Ç—Ä—É–¥–æ–≤ –¥–æ–≥–æ–≤–æ—Ä —Å—Ç—Ä–æ–∏—Ç–µ–ª–Ω–∏ —Ä–∞–±–æ—Ç–Ω–∏—Ü–∏. –ò–∑–≤—ä—Ä—à–≤–∞–º–µ –≤—Å—è–∫–∞–∫—ä–≤ –≤–∏–¥ –°–ú–†- –ï–ª. –í–∏–ö, –∫—ä—Ä—Ç–µ–Ω–µ, –º–∞–∑–∞–Ω–µ, —Ç–æ–ø–ª–æ –∏ —Ö–∏–¥—Ä–æ –∏–∑–æ–ª–∞—Ü–∏–∏, —Ñ–∞—è–Ω—Å, –≥–∏–ø—Å–æ–∫–∞—Ä—Ç–æ–Ω, —à–ø–∞–∫–ª–æ–≤–∫–∏, –±–æ—è–¥–∏—Å–≤–∞–Ω–µ –∏ –¥—Ä—É–≥–∏. –†–∞–±–æ—Ç–Ω–æ –≤—Ä–µ–º–µ: –æ—Ç 08,00—á. –¥–æ 17,00—á. –ù–µ–¥–µ–ª—è: –ø–æ—á–∏–≤–µ–Ω –¥–µ–Ω –û–±–µ–∫—Ç–∏—Ç–µ –Ω–∏ —Å–µ –Ω–∞–º–∏—Ä–∞—Ç –≤ –°–æ—Ñ–∏—è. –í—ä–∑–º–æ–∂–Ω–æ—Å—Ç –∑–∞ –∑–∞–ø–æ—á–≤–∞–Ω–µ –≤–µ–¥–Ω–∞–≥–∞. –ê—Ç—Ä–∞–∫—Ç–∏–≤–Ω–æ –∏ —Ä–µ–¥–æ–≤–Ω–æ –∑–∞–ø–ª–∞—â–∞–Ω–µ!"
"–æ–±–ª–∞—Å—Ç –í—Ä–∞—Ü–∞",–†–∞–±–æ—Ç–∞,"–ù–∞–µ–º–∞–º–µ –∫–∞–º–µ–Ω–æ–¥–µ–ª–µ—Ü",https://www.alo.bg/9072935,,"–ù–∞–µ–º–∞ –∫–∞–º–µ–Ω–æ–¥–µ–ª–µ—Ü –æ—Ç –±–≥ –µ—Ç–Ω–æ—Å. –î—ä—Ä–∂–∏–º –Ω–∞ –ü–ï–†–§–ï–ö–¢–ù–û –∫–∞—á–µ—Å—Ç–≤–æ. –°—É—Ö–∞ –∑–∏–¥–∞—Ä–∏—è –∫—ä—â–∏, –∫–æ–º–∏–Ω–∏, –∫–∞–º–∏–Ω–∏ –∏ –¥—Ä—É–≥–∏. –û–ø–∏—Ç –º–∏–Ω. 10–≥. –î—è–ª–∞–Ω –∫–∞–º—ä–∫ -–≥—Ä–∞–Ω–∏—Ç /–∑–∏–¥–∞–Ω–µ /–∫–æ–º–∏–Ω–∏ /—à–∞–ø–∫–∏/ –∏ –¥—Ä –ë–∞–Ω—è, –ø–æ–¥ –∏ –¥—Ä –≤—ä–Ω—à–Ω–∏ –Ω–∞—Å—Ç–∏–ª–∫–∏ - —Ä–µ–¥–µ–Ω–µ –≥—Ä–∞–Ω–∏—Ç –∫–∞–º—ä–∫/—Ä–∏—Å—É–Ω–∞–∫ –ì—Ä–∞–¥–∏–Ω–∞ -—Å—Ç—ä–ø–∞–ª–∞, –ø–ª–æ—Ç–æ–≤–µ, –º–∏–≤–∫–∏ –∏ –¥—Ä –∫–∞–º—ä–∫ –µ–ª–µ–º–µ–Ω—Ç–∏ –í—Å–∏—á–∫–æ —Å–µ —Ä–µ–∂–µ, –∏–∑—á—É–∫–≤–∞ –Ω–∞ –º—è—Å—Ç–æ –Ω–∞ —Ä—ä–∫–∞ –ò–ó–ö–õ–Æ–ß–ò–¢–ï–õ–ù–û –ø—Ä–µ—Ü–∏–∑–Ω–æ –∫–∞—Ç–æ –Ω–∞ —Å–Ω–∏–º–∫–∏. –ù–∞ —Å–Ω–∏–º–∫–∏—Ç–µ –µ –∏–∑–æ–±—Ä–∞–∑–µ–Ω–æ –∫–∞–∫–≤–æ –ø—Ä–∞–≤–∏–º –∏ –∫–∞–∫–≤–æ –∫–∞—á–µ—Å—Ç–≤–æ —Å–µ –∏–∑–∏—Å–∫–≤–∞. –ó–∞–ø–ª–∞—â–∞–Ω–µ –æ—Ç 100-200–ª–≤ –Ω–∞ –∫–≤.–º. —Å–ø–æ—Ä–µ–¥ –≤–∏—Å–æ—á–∏–Ω–∞. –û—Å–∏–≥—É—Ä–µ–Ω–æ —Å–ø–∞–Ω–µ –∏ —Ö—Ä–∞–Ω–∞ –Ω–∞ –æ–±–µ–∫—Ç. –û—á–∞–∫–≤–∞–º–µ –≤–∞—à–∏ –∑–∞–≤—ä—Ä—à–µ–Ω–∏ —Ä–∞–±–æ—Ç–∏(—Å–Ω–∏–º–∫–∏) –Ω–∞ –ø–æ—Å–æ—á–µ–Ω–∏—è –∏-–º–µ–π–ª."
"–æ–±–ª–∞—Å—Ç –í—Ä–∞—Ü–∞",–†–∞–±–æ—Ç–∞,"–ü—Ä–æ–¥–∞–≤–∞—á - –ö–æ–Ω—Å—É–ª—Ç–∞–Ω—Ç - –°—É–ø–µ—Ä–º–∞—Ä–∫–µ—Ç!",https://www.alo.bg/8392934,,"–ü—Ä–∏–∑–º–∞ –û–û–î –≥—Ä. –ü—Ä–∏–º–æ—Ä—Å–∫–æ —Ç—ä—Ä—Å–∏ –¥–∞ –Ω–∞–∑–Ω–∞—á–∏ –ø—Ä–æ–¥–∞–≤–∞—á-–∫–æ–Ω—Å—É–ª—Ç–∞–Ω—Ç–∏ –∑–∞ —Ö—Ä–∞–Ω–∏—Ç–µ–ª–Ω–∏ –º–∞–≥–∞–∑–∏–Ω–∏. –†–∞–±–æ—Ç–∞—Ç–∞ –µ —Ü–µ–ª–æ–≥–æ–¥–∏—à–Ω–∞/—Å–µ–∑–æ–Ω–Ω–∞ —Å –æ—Å–∏–≥—É—Ä–µ–Ω–∞ –∫–≤–∞—Ä—Ç–∏—Ä–∞ –∏ –æ–±—è–¥, –∏ –¥–æ–±—Ä–æ –∑–∞–ø–ª–∞—â–∞–Ω–µ. –ó–∞ –ø–æ–≤–µ—á–µ –∏–Ω—Ñ–æ—Ä–º–∞—Ü–∏—è - –º–æ–ª—è .."
"–æ–±–ª–∞—Å—Ç –í—Ä–∞—Ü–∞",–†–∞–±–æ—Ç–∞,"–ì–æ–ª—è–º–∞ –±—ä–ª–≥–∞—Ä—Å–∫–∞ –ª–æ–≥–∏—Å—Ç–∏—á–Ω–∞ –∫–æ–º–ø–∞–Ω–∏—è —Ç—ä—Ä—Å–∏ –¥–∞ –Ω–∞–∑–Ω–∞—á–∏ –æ–ø–∏—Ç–Ω–∏ –∏ –∫–≤–∞–ª–∏—Ñ–∏—Ü–∏—Ä–∞–Ω–∏ —Å–∫–ª–∞–¥–æ–≤–∏ —Ä–∞–±–æ—Ç–Ω–∏—Ü–∏",https://www.alo.bg/9123000,,"–ì–û–õ–Ø–ú–ê –ë–™–õ–ì–ê–†–°–ö–ê –õ–û–ì–ò–°–¢–ò–ß–ù–ê –ö–û–ú–ü–ê–ù–ò–Ø –¢–™–†–°–ò –î–ê –ù–ê–ó–ù–ê–ß–ò –û–ü–ò–¢–ù–ò –ò –ö–í–ê–õ–ò–§–ò–¶–ò–†–ê–ù–ò –°–ö–õ–ê–î–û–í–ò –†–ê–ë–û–¢–ù–ò–¶–ò –∑–∞ —Ä–∞–±–æ—Ç–∞ –≤ –õ–æ–≥–∏—Å—Ç–∏—á–Ω–∏ —Ü–µ–Ω—Ç—Ä–æ–≤–µ –≤ –≥—Ä. –°–æ—Ñ–∏—è –≤ –∫–≤. –õ—é–ª–∏–Ω –∏ –∫–≤. –•–∞–¥–∂–∏ –î–∏–º–∏—Ç—ä—Ä. 1. –ü–û–ó–ò–¶–ò–ò: .."
"–æ–±–ª–∞—Å—Ç –í—Ä–∞—Ü–∞",–†–∞–±–æ—Ç–∞,"–°–ª—É–∂–∏—Ç–µ–ª –ü–æ–¥–¥—Ä—ä–∂–∫–∞ —Å–≥—Ä–∞–¥–∞ –∏ —Ä–µ–º–æ–Ω—Ç–Ω–∞ –¥–µ–π–Ω–æ—Å—Ç",https://www.alo.bg/9146057,,"–•–æ—Ç–µ–ª ‚Äù–ú–∞—Ä—Ç–∏–Ω–µ–∑‚Äù, –≥—Ä. –°–æ–∑–æ–ø–æ–ª, —Ç—ä—Ä—Å–∏ –¥–∞ –Ω–∞–∑–Ω–∞—á–∏: –°–õ–£–ñ–ò–¢–ï–õ –ü–û–î–î–†–™–ñ–ö–ê –°–ì–†–ê–î–ê –ò –†–ï–ú–û–ù–¢–ù–ê –î–ï–ô–ù–û–°–¢ –û–°–ù–û–í–ù–ò –î–ï–ô–ù–û–°–¢–ò –ò –û–¢–ì–û–í–û–†–ù–û–°–¢–ò - –ü–æ–¥–¥—ä—Ä–∂–∞ –≤ –∏–∑–ø—Ä–∞–≤–Ω–æ—Å—Ç –ø–æ–≤–µ—Ä–µ–Ω–∏—Ç–µ –º—É —Å—ä–æ—Ä—ä–∂–µ–Ω–∏—è –≤ –∫–æ–º–ø–ª–µ–∫—Å–∞. - .."
"–æ–±–ª–∞—Å—Ç –í—Ä–∞—Ü–∞",–†–∞–±–æ—Ç–∞,"–¢—ä—Ä—Å–∏–º —Ö–∏–≥–∏–µ–Ω–∏—Å—Ç–∫–∞, –ø—Ä–µ–¥–ª–∞–≥–∞–º–µ –∫–≤–∞—Ä—Ç–∏—Ä–∞",https://www.alo.bg/9041363,,"–ü–µ—Ç –¥–Ω–µ–≤–Ω–∞ —Ä–∞–±–æ—Ç–Ω–∞ —Å–µ–¥–º–∏—Ü–∞, 8 —á–∞—Å–æ–≤ —Ä–∞–±–æ—Ç–µ–Ω –¥–µ–Ω, –Ω–∞—á–∞–ª–æ –Ω–∞ —Ä–∞–±–æ—Ç–Ω–∏—è –¥–µ–Ω –ø–æ –¥–æ–≥–æ–≤–∞—Ä—è–Ω–µ. –ü–æ—á–∏—Å—Ç–≤–∞–Ω–µ –Ω–∞ –æ—Ñ–∏—Å–∏ –∏ –æ–±—â–∏ —á–∞—Å—Ç–∏ /–∫–æ—Ä–∏–¥–æ—Ä–∏, —Å–∞–Ω–∏—Ç–∞—Ä–Ω–∏ –≤—ä–∑–ª–∏, –ø—Ä–∏–ª–µ–∂–∞—â–∏ —á–∞—Å—Ç–∏/ –≤ –±–∏–∑–Ω–µ—Å —Å–≥—Ä–∞–¥–∞. –ü—Ä–µ–¥–ª–∞–≥–∞–º–µ –∫–≤–∞.."
"–æ–±–ª–∞—Å—Ç –í—Ä–∞—Ü–∞",–†–∞–±–æ—Ç–∞,"–ú–µ–∂–¥—É–Ω–∞—Ä–æ–¥–µ–Ω —à–æ—Ñ—å–æ—Ä - —Ö–ª–∞–¥–∏–ª–Ω–∏–∫ / —Ç–∏—Ç—É–ª—è—Ä –Ω–∞ –µ–¥–∏–Ω –∫–∞–º–∏–æ–Ω",https://www.alo.bg/5154738,,"–ö–£–£–õ–¢–†–ê–ù–° –û–û–î –ø—Ä–µ–¥–ª–∞–≥–∞ —Ä–∞–±–æ—Ç–∞ –Ω–∞ –º–µ–∂–¥—É–Ω–∞—Ä–æ–¥–Ω–∏ —à–æ—Ñ—å–æ—Ä–∏ —Å –æ–ø–∏—Ç –∏ –∫–≤–∞–ª–∏—Ñ–∏–∫–∞—Ü–∏—è –Ω–∞ —Ö–ª–∞–¥–∏–ª–Ω–æ —Ä–µ–º–∞—Ä–∫–µ –ø–æ —Å–ª–µ–¥–Ω–∏—Ç–µ —Ä–µ–ª–∞—Ü–∏–∏: - –ì—ä—Ä—Ü–∏—è - –ï–≤—Ä–æ–ø–∞ - –ì—ä—Ä—Ü–∏—è - –ì—ä—Ä—Ü–∏—è - –ó–∞–ø–∞–¥–Ω–∞ –ï–≤—Ä–æ–ø–∞ - –ê–Ω–≥–ª–∏—è - –ì—ä—Ä—Ü–∏—è –ù–µ–æ–±.."
"–æ–±–ª–∞—Å—Ç –í—Ä–∞—Ü–∞",–†–∞–±–æ—Ç–∞,"–ù–∞–±–∏—Ä–∞–º–µ –æ—Ö—Ä–∞–Ω–∏—Ç–µ–ª–∏",https://www.alo.bg/9086276,,"–ù–∞–±–∏—Ä–∞–º–µ –æ—Ö—Ä–∞–Ω–∏—Ç–µ–ª–∏ –∑–∞ –º–Ω–æ–∂–µ—Å—Ç–≤–æ –æ–±–µ–∫—Ç–∏ –≤ —Ä–∞–π–æ–Ω–∞ –Ω–∞ –≥—Ä. –°–æ—Ñ–∏—è -–ü—Ä–µ–¥–ª–∞–≥–∞–º–µ –¥–æ–±—Ä–æ –∑–∞–ø–ª–∞—â–∞–Ω–µ -–†–∞–±–æ—Ç–∞ –ø–æ –ø—Ä–µ–¥–≤–∞—Ä–∏—Ç–µ–ª–Ω–æ —É—Ç–≤—ä—Ä–¥–µ–Ω –≥—Ä–∞—Ñ–∏–∫ -–ü—Ä–∏—è—Ç–Ω–æ –∏ –ø–æ–¥–¥—ä—Ä–∂–∞–Ω–æ —Ä–∞–±–æ—Ç–Ω–æ –º—è—Å—Ç–æ -–¢—Ä—É–¥–æ–≤ –¥–æ–≥–æ–≤–æ—Ä –∏ –≤–∫–ª—é—á–µ–Ω–∏ –æ—Å.."
"–æ–±–ª–∞—Å—Ç –í—Ä–∞—Ü–∞",–†–∞–±–æ—Ç–∞,"–¢—ä—Ä—Å–∏ –ø—Ä–æ–¥–∞–≤–∞—á-–∫–æ–Ω—Å—É–ª—Ç–∞–Ω—Ç",https://www.alo.bg/8941486,,"–ü—É–±–ª–∏–∫—É–≤–∞–Ω–æ –æ—Ç ‚Äù–ë—é—Ä–æ –ø–æ —Ç—Ä—É–¥–∞‚Äù: [ –î–ë–¢ - –í—Ä–∞—Ü–∞ ] –ú—è—Å—Ç–æ –Ω–∞ —Ä–∞–±–æ—Ç–∞—Ç–∞: –ù–∞—Åe–ª–µ–Ω–æ –º—è—Å—Ç–æ –∫—ä–º –æ–±—â. –í—Ä–∞—Ü–∞, –æ–±–ª. –í—Ä–∞—Ü–∞ –ù–∞–∏–º–µ–Ω–æ–≤–∞–Ω–∏–µ –Ω–∞ –¥–ª—ä–∂–Ω–æ—Å—Ç—Ç–∞: 5223-2001 - –ü—Ä–æ–¥–∞–≤–∞—á-–∫–æ–Ω—Å—É–ª—Ç–∞–Ω—Ç –û—Å–Ω–æ–≤–Ω–∏ –æ—Ç–≥–æ–≤–æ—Ä–Ω–æ—Å—Ç–∏: –ü–æ—Å—Ä–µ—â.."
"–æ–±–ª–∞—Å—Ç –í—Ä–∞—Ü–∞",–†–∞–±–æ—Ç–∞,"–†—ä–∫–æ–≤–æ–¥–∏—Ç–µ–ª —Å –±—ä–ª–≥–∞—Ä—Å–∫–∏ –µ–∑–∏–∫",https://www.alo.bg/9086913,,"–î–æ–±—ä—Ä –¥–µ–Ω! –¢—ä—Ä—Å–∏–º –æ—Ç–≥–æ–≤–æ—Ä–µ–Ω —Å—É–ø–µ—Ä–≤–∞–π–∑–µ—Ä, –∫–æ–π—Ç–æ –¥–∞ –Ω–∞–±–ª—é–¥–∞–≤–∞ —Ä–∞–±–æ—Ç–Ω–∏—è –ø—Ä–æ—Ü–µ—Å –≤ –Ω–∞—à–∏—Ç–µ —Å—ä–æ—Ä—ä–∂–µ–Ω–∏—è. –†–æ–ª—è—Ç–∞ –µ —Å–ª–æ–∂–Ω–∞. –¢–æ–π –Ω—è–º–∞ –¥–∞ –±—ä–¥–µ –ø—Ä–æ—Å—Ç–æ –Ω—è–∫–æ–π, –∫–æ–π—Ç–æ –∫–æ–Ω—Ç—Ä–æ–ª–∏—Ä–∞ —Ä–∞–±–æ—Ç–∞—Ç–∞ –Ω–∞ –¥—Ä—É–≥–∏—Ç–µ. –°—É–ø–µ—Ä–≤–∞–π–∑–æ—Ä.."
"–æ–±–ª–∞—Å—Ç –í—Ä–∞—Ü–∞",–†–∞–±–æ—Ç–∞,"–ü–æ–º–æ—â–Ω–∏–∫ –≤—ä–≤ –ø—É–Ω–∫—Ç –∑–∞ —Ç–µ—Ö–Ω–∏—á–µ—Å–∫–∏ –ø—Ä–µ–≥–ª–µ–¥–∏",https://www.alo.bg/9136556,,"‚Äù–ê–≤—Ç–æ–∫–æ–º–ø–ª–µ–∫—Å –ò–ª–∏–Ω–¥–µ–Ω‚Äù —Ç—ä—Ä—Å–∏ –¥–∞ –Ω–∞–∑–Ω–∞—á–∏ —Ç–µ—Ö–Ω–∏–∫, –Ω–∞ –ø—É–Ω–∫—Ç –∑–∞ –≥–æ–¥–∏—à–Ω–∏ —Ç–µ—Ö–Ω–∏—á–µ—Å–∫–∏ –ø—Ä–µ–≥–ª–µ–¥–∏ –Ω–∞ –ø–æ—Å—Ç–æ—è–Ω–µ–Ω –¥–æ–≥–æ–≤–æ—Ä. –ò–∑–∏—Å–∫–≤–∞–Ω–∏—è: -–®–æ—Ñ—å–æ—Ä—Å–∫–∞ –∫–Ω–∏–∂–∫–∞, –º–∏–Ω. –∫–∞—Ç.B -–î–æ–±—Ä–∞ –∫–æ–º—É–Ω–∏–∫–∞—Ç–∏–≤–Ω–æ—Å—Ç -–ñ–µ–ª–∞–Ω–∏–µ –∑–∞ –¥—ä–ª.."
"–æ–±–ª–∞—Å—Ç –í—Ä–∞—Ü–∞",–†–∞–±–æ—Ç–∞,"–¢—ä—Ä—Å–∏ —É—á–∏—Ç–µ–ª, –¥–µ—Ç—Å–∫–∞ –≥—Ä–∞–¥–∏–Ω–∞",https://www.alo.bg/9161653,,"–ü—É–±–ª–∏–∫—É–≤–∞–Ω–æ –æ—Ç ‚Äù–ë—é—Ä–æ –ø–æ —Ç—Ä—É–¥–∞‚Äù: [ –î–ë–¢ - –í—Ä–∞—Ü–∞ ] –ú—è—Å—Ç–æ –Ω–∞ —Ä–∞–±–æ—Ç–∞—Ç–∞: –ù–∞—Åe–ª–µ–Ω–æ –º—è—Å—Ç–æ –∫—ä–º –æ–±—â. –í—Ä–∞—Ü–∞, –æ–±–ª. –í—Ä–∞—Ü–∞ –ù–∞–∏–º–µ–Ω–æ–≤–∞–Ω–∏–µ –Ω–∞ –¥–ª—ä–∂–Ω–æ—Å—Ç—Ç–∞: 2342-5002 - –£—á–∏—Ç–µ–ª, –¥–µ—Ç—Å–∫–∞ –≥—Ä–∞–¥–∏–Ω–∞ –û—Å–Ω–æ–≤–Ω–∏ –æ—Ç–≥–æ–≤–æ—Ä–Ω–æ—Å—Ç–∏: –î–∞ .."
"–æ–±–ª–∞—Å—Ç –í—Ä–∞—Ü–∞",–†–∞–±–æ—Ç–∞,"–¢—ä—Ä—Å–∏ –æ–±—Ä–∞–∑–æ–≤–∞—Ç–µ–ª–µ–Ω –º–µ–¥–∏–∞—Ç–æ—Ä",https://www.alo.bg/9161626,,"–ü—É–±–ª–∏–∫—É–≤–∞–Ω–æ –æ—Ç ‚Äù–ë—é—Ä–æ –ø–æ —Ç—Ä—É–¥–∞‚Äù: [ –î–ë–¢ - –ú–µ–∑–¥—Ä–∞ ] –ú—è—Å—Ç–æ –Ω–∞ —Ä–∞–±–æ—Ç–∞—Ç–∞: –ù–∞—Åe–ª–µ–Ω–æ –º—è—Å—Ç–æ –∫—ä–º –æ–±—â. –ú–µ–∑–¥—Ä–∞, –æ–±–ª. –í—Ä–∞—Ü–∞ –ù–∞–∏–º–µ–Ω–æ–≤–∞–Ω–∏–µ –Ω–∞ –¥–ª—ä–∂–Ω–æ—Å—Ç—Ç–∞: 5312-3004 - –û–±—Ä–∞–∑–æ–≤–∞—Ç–µ–ª–µ–Ω –º–µ–¥–∏–∞—Ç–æ—Ä –û—Å–Ω–æ–≤–Ω–∏ –æ—Ç–≥–æ–≤–æ—Ä–Ω–æ—Å—Ç–∏: –ø.."
"–æ–±–ª–∞—Å—Ç –í—Ä–∞—Ü–∞",–†–∞–±–æ—Ç–∞,"–¢—ä—Ä—Å–∏ —É—á–∏—Ç–µ–ª, –æ–±—â–æ–æ–±—Ä–∞–∑–æ–≤–∞—Ç–µ–ª–µ–Ω —É—á–µ–±–µ–Ω –ø—Ä–µ–¥–º–µ—Ç –≤ –≥–∏–º–Ω–∞–∑–∏–∞–ª–µ–Ω –µ—Ç–∞–ø",https://www.alo.bg/9161601,,"–ü—É–±–ª–∏–∫—É–≤–∞–Ω–æ –æ—Ç ‚Äù–ë—é—Ä–æ –ø–æ —Ç—Ä—É–¥–∞‚Äù: [ –î–ë–¢ - –ë—è–ª–∞ –°–ª–∞—Ç–∏–Ω–∞ ] –ú—è—Å—Ç–æ –Ω–∞ —Ä–∞–±–æ—Ç–∞—Ç–∞: –ù–∞—Åe–ª–µ–Ω–æ –º—è—Å—Ç–æ –∫—ä–º –æ–±—â. –ë—è–ª–∞ –°–ª–∞—Ç–∏–Ω–∞, –æ–±–ª. –í—Ä–∞—Ü–∞ –ù–∞–∏–º–µ–Ω–æ–≤–∞–Ω–∏–µ –Ω–∞ –¥–ª—ä–∂–Ω–æ—Å—Ç—Ç–∞: 2330-5005 - –£—á–∏—Ç–µ–ª, –æ–±—â–æ–æ–±—Ä–∞–∑–æ–≤–∞—Ç–µ–ª–µ–Ω —É—á–µ–±–µ–Ω –ø—Ä.."
"–æ–±–ª–∞—Å—Ç –í—Ä–∞—Ü–∞",–†–∞–±–æ—Ç–∞,"–¢—ä—Ä—Å–∏ —Ä–∞–±–æ—Ç–Ω–∏–∫, —Å—Ç—Ä–æ–∏—Ç–µ–ª—Å—Ç–≤–æ—Ç–æ",https://www.alo.bg/9161600,,"–ü—É–±–ª–∏–∫—É–≤–∞–Ω–æ –æ—Ç ‚Äù–ë—é—Ä–æ –ø–æ —Ç—Ä—É–¥–∞‚Äù: [ –î–ë–¢ - –í—Ä–∞—Ü–∞ ] –ú—è—Å—Ç–æ –Ω–∞ —Ä–∞–±–æ—Ç–∞—Ç–∞: –ù–∞—Åe–ª–µ–Ω–æ –º—è—Å—Ç–æ –∫—ä–º –æ–±—â. –í—Ä–∞—Ü–∞, –æ–±–ª. –í—Ä–∞—Ü–∞ –ù–∞–∏–º–µ–Ω–æ–≤–∞–Ω–∏–µ –Ω–∞ –¥–ª—ä–∂–Ω–æ—Å—Ç—Ç–∞: 9312-0003 - –†–∞–±–æ—Ç–Ω–∏–∫, —Å—Ç—Ä–æ–∏—Ç–µ–ª—Å—Ç–≤–æ—Ç–æ –û—Å–Ω–æ–≤–Ω–∏ –æ—Ç–≥–æ–≤–æ—Ä–Ω–æ—Å—Ç–∏: –ò.."
"–æ–±–ª–∞—Å—Ç –í—Ä–∞—Ü–∞",–†–∞–±–æ—Ç–∞,"–¢—ä—Ä—Å–∏ –ª–æ–≥–æ–ø–µ–¥",https://www.alo.bg/9089542,,"–ü—É–±–ª–∏–∫—É–≤–∞–Ω–æ –æ—Ç ‚Äù–ë—é—Ä–æ –ø–æ —Ç—Ä—É–¥–∞‚Äù: [ –î–ë–¢ - –í—Ä–∞—Ü–∞ ] –ú—è—Å—Ç–æ –Ω–∞ —Ä–∞–±–æ—Ç–∞—Ç–∞: –ù–∞—Åe–ª–µ–Ω–æ –º—è—Å—Ç–æ –∫—ä–º –æ–±—â. –í—Ä–∞—Ü–∞, –æ–±–ª. –í—Ä–∞—Ü–∞ –ù–∞–∏–º–µ–Ω–æ–≤–∞–Ω–∏–µ –Ω–∞ –¥–ª—ä–∂–Ω–æ—Å—Ç—Ç–∞: 2266-6001 - –õ–æ–≥–æ–ø–µ–¥ –û—Å–Ω–æ–≤–Ω–∏ –æ—Ç–≥–æ–≤–æ—Ä–Ω–æ—Å—Ç–∏: –õ–æ–≥–æ–ø–µ–¥—ä—Ç –æ—Å—ä—â–µ—Å—Ç–≤.."
"–æ–±–ª–∞—Å—Ç –í—Ä–∞—Ü–∞",–†–∞–±–æ—Ç–∞,"–¢—ä—Ä—Å–∏ –æ–ø–µ—Ä–∞—Ç–æ—Ä, –ø—Ä–æ–∏–∑–≤–æ–¥—Å—Ç–≤–µ–Ω–∞ –ª–∏–Ω–∏—è",https://www.alo.bg/9034718,,"–ü—É–±–ª–∏–∫—É–≤–∞–Ω–æ –æ—Ç ‚Äù–ë—é—Ä–æ –ø–æ —Ç—Ä—É–¥–∞‚Äù: [ –î–ë–¢ - –ú–µ–∑–¥—Ä–∞ ] –ú—è—Å—Ç–æ –Ω–∞ —Ä–∞–±–æ—Ç–∞—Ç–∞: –ù–∞—Åe–ª–µ–Ω–æ –º—è—Å—Ç–æ –∫—ä–º –æ–±—â. –ú–µ–∑–¥—Ä–∞, –æ–±–ª. –í—Ä–∞—Ü–∞ –ù–∞–∏–º–µ–Ω–æ–≤–∞–Ω–∏–µ –Ω–∞ –¥–ª—ä–∂–Ω–æ—Å—Ç—Ç–∞: 8212-2022 - –û–ø–µ—Ä–∞—Ç–æ—Ä, –ø—Ä–æ–∏–∑–≤–æ–¥—Å—Ç–≤–µ–Ω–∞ –ª–∏–Ω–∏—è –û—Å–Ω–æ–≤–Ω–∏ –æ—Ç–≥–æ–≤–æ—Ä.."
"–æ–±–ª–∞—Å—Ç –í—Ä–∞—Ü–∞",–†–∞–±–æ—Ç–∞,"–¢—ä—Ä—Å–∏ —à–æ—Ñ—å–æ—Ä, –ª–µ–∫ –∞–≤—Ç–æ–º–æ–±–∏–ª –¥–æ 9 –º–µ—Å—Ç–∞",https://www.alo.bg/9159312,,"–ü—É–±–ª–∏–∫—É–≤–∞–Ω–æ –æ—Ç ‚Äù–ë—é—Ä–æ –ø–æ —Ç—Ä—É–¥–∞‚Äù: [ –î–ë–¢ - –ë—è–ª–∞ –°–ª–∞—Ç–∏–Ω–∞ ] –ú—è—Å—Ç–æ –Ω–∞ —Ä–∞–±–æ—Ç–∞—Ç–∞: –ù–∞—Åe–ª–µ–Ω–æ –º—è—Å—Ç–æ –∫—ä–º –æ–±—â. –ë—è–ª–∞ –°–ª–∞—Ç–∏–Ω–∞, –æ–±–ª. –í—Ä–∞—Ü–∞ –ù–∞–∏–º–µ–Ω–æ–≤–∞–Ω–∏–µ –Ω–∞ –¥–ª—ä–∂–Ω–æ—Å—Ç—Ç–∞: 8322-2002 - –®–æ—Ñ—å–æ—Ä, –ª–µ–∫ –∞–≤—Ç–æ–º–æ–±–∏–ª –¥–æ 9 –º–µ—Å—Ç–∞ –û.."
"–æ–±–ª–∞—Å—Ç –í—Ä–∞—Ü–∞",–†–∞–±–æ—Ç–∞,"–¢—ä—Ä—Å–∏ –º–∞–Ω–∏–ø—É–ª–∞–Ω—Ç, –ø—Ä–æ–º–∏—à–ª–µ–Ω–æ—Å—Ç—Ç–∞",https://www.alo.bg/9159303,,"–ü—É–±–ª–∏–∫—É–≤–∞–Ω–æ –æ—Ç ‚Äù–ë—é—Ä–æ –ø–æ —Ç—Ä—É–¥–∞‚Äù: [ –î–ë–¢ - –õ–æ–º ] –ú—è—Å—Ç–æ –Ω–∞ —Ä–∞–±–æ—Ç–∞—Ç–∞: –ù–∞—Åe–ª–µ–Ω–æ –º—è—Å—Ç–æ –∫—ä–º –æ–±—â. –ö–æ–∑–ª–æ–¥—É–π, –æ–±–ª. –í—Ä–∞—Ü–∞ –ù–∞–∏–º–µ–Ω–æ–≤–∞–Ω–∏–µ –Ω–∞ –¥–ª—ä–∂–Ω–æ—Å—Ç—Ç–∞: 9329-0013 - –ú–∞–Ω–∏–ø—É–ª–∞–Ω—Ç, –ø—Ä–æ–º–∏—à–ª–µ–Ω–æ—Å—Ç—Ç–∞ –û—Å–Ω–æ–≤–Ω–∏ –æ—Ç–≥–æ–≤–æ—Ä–Ω–æ—Å—Ç–∏.."
"–æ–±–ª–∞—Å—Ç –í—Ä–∞—Ü–∞",–†–∞–±–æ—Ç–∞,"–¢—ä—Ä—Å–∏ —Å—ä—Ç—Ä—É–¥–Ω–∏–∫, —Å–æ—Ü–∏–∞–ª–Ω–∏ –¥–µ–π–Ω–æ—Å—Ç–∏",https://www.alo.bg/9159302,,"–ü—É–±–ª–∏–∫—É–≤–∞–Ω–æ –æ—Ç ‚Äù–ë—é—Ä–æ –ø–æ —Ç—Ä—É–¥–∞‚Äù: [ –î–ë–¢ - –í—Ä–∞—Ü–∞ ] –ú—è—Å—Ç–æ –Ω–∞ —Ä–∞–±–æ—Ç–∞—Ç–∞: –ù–∞—Åe–ª–µ–Ω–æ –º—è—Å—Ç–æ –∫—ä–º –æ–±—â. –í—Ä–∞—Ü–∞, –æ–±–ª. –í—Ä–∞—Ü–∞ –ù–∞–∏–º–µ–Ω–æ–≤–∞–Ω–∏–µ –Ω–∞ –¥–ª—ä–∂–Ω–æ—Å—Ç—Ç–∞: 3412-3006 - –°—ä—Ç—Ä—É–¥–Ω–∏–∫, —Å–æ—Ü–∏–∞–ª–Ω–∏ –¥–µ–π–Ω–æ—Å—Ç–∏ –û—Å–Ω–æ–≤–Ω–∏ –æ—Ç–≥–æ–≤–æ—Ä–Ω–æ—Å—Ç.."
"–æ–±–ª–∞—Å—Ç –í—Ä–∞—Ü–∞",–†–∞–±–æ—Ç–∞,"–¢—ä—Ä—Å–∏ –∑–¥—Ä–∞–≤–µ–Ω –º–µ–¥–∏–∞—Ç–æ—Ä",https://www.alo.bg/9159301,,"–ü—É–±–ª–∏–∫—É–≤–∞–Ω–æ –æ—Ç ‚Äù–ë—é—Ä–æ –ø–æ —Ç—Ä—É–¥–∞‚Äù: [ –î–ë–¢ - –ë—è–ª–∞ –°–ª–∞—Ç–∏–Ω–∞ ] –ú—è—Å—Ç–æ –Ω–∞ —Ä–∞–±–æ—Ç–∞—Ç–∞: –ù–∞—Åe–ª–µ–Ω–æ –º—è—Å—Ç–æ –∫—ä–º –æ–±—â. –ë—è–ª–∞ –°–ª–∞—Ç–∏–Ω–∞, –æ–±–ª. –í—Ä–∞—Ü–∞ –ù–∞–∏–º–µ–Ω–æ–≤–∞–Ω–∏–µ –Ω–∞ –¥–ª—ä–∂–Ω–æ—Å—Ç—Ç–∞: 3253-3001 - –ó–¥—Ä–∞–≤–µ–Ω –º–µ–¥–∏–∞—Ç–æ—Ä –û—Å–Ω–æ–≤–Ω–∏ –æ—Ç–≥–æ–≤–æ—Ä–Ω–æ.."
"–æ–±–ª–∞—Å—Ç –í—Ä–∞—Ü–∞",–†–∞–±–æ—Ç–∞,"–¢—ä—Ä—Å–∏ –º–µ–¥–∏—Ü–∏–Ω—Å–∫–∞ —Å–µ—Å—Ç—Ä–∞ –∑–∞ —Å–æ—Ü–∏–∞–ª–Ω–∏ –¥–µ–π–Ω–æ—Å—Ç–∏",https://www.alo.bg/9159300,,"–ü—É–±–ª–∏–∫—É–≤–∞–Ω–æ –æ—Ç ‚Äù–ë—é—Ä–æ –ø–æ —Ç—Ä—É–¥–∞‚Äù: [ –î–ë–¢ - –ë—è–ª–∞ –°–ª–∞—Ç–∏–Ω–∞ ] –ú—è—Å—Ç–æ –Ω–∞ —Ä–∞–±–æ—Ç–∞—Ç–∞: –ù–∞—Åe–ª–µ–Ω–æ –º—è—Å—Ç–æ –∫—ä–º –æ–±—â. –ë—è–ª–∞ –°–ª–∞—Ç–∏–Ω–∞, –æ–±–ª. –í—Ä–∞—Ü–∞ –ù–∞–∏–º–µ–Ω–æ–≤–∞–Ω–∏–µ –Ω–∞ –¥–ª—ä–∂–Ω–æ—Å—Ç—Ç–∞: 2221-6007 - –ú–µ–¥–∏—Ü–∏–Ω—Å–∫–∞ —Å–µ—Å—Ç—Ä–∞ –∑–∞ —Å–æ—Ü–∏–∞–ª–Ω–∏ –¥–µ–π–Ω–æ.."
"–æ–±–ª–∞—Å—Ç –í—Ä–∞—Ü–∞",–†–∞–±–æ—Ç–∞,"–¢—ä—Ä—Å–∏ –ø—Ä–æ–¥–∞–≤–∞—á-–∫–æ–Ω—Å—É–ª—Ç–∞–Ω—Ç",https://www.alo.bg/9159288,,"–ü—É–±–ª–∏–∫—É–≤–∞–Ω–æ –æ—Ç ‚Äù–ë—é—Ä–æ –ø–æ —Ç—Ä—É–¥–∞‚Äù: [ –î–ë–¢ - –í—Ä–∞—Ü–∞ ] –ú—è—Å—Ç–æ –Ω–∞ —Ä–∞–±–æ—Ç–∞—Ç–∞: –ù–∞—Åe–ª–µ–Ω–æ –º—è—Å—Ç–æ –∫—ä–º –æ–±—â. –í—Ä–∞—Ü–∞, –æ–±–ª. –í—Ä–∞—Ü–∞ –ù–∞–∏–º–µ–Ω–æ–≤–∞–Ω–∏–µ –Ω–∞ –¥–ª—ä–∂–Ω–æ—Å—Ç—Ç–∞: 5223-2001 - –ü—Ä–æ–¥–∞–≤–∞—á-–∫–æ–Ω—Å—É–ª—Ç–∞–Ω—Ç –û—Å–Ω–æ–≤–Ω–∏ –æ—Ç–≥–æ–≤–æ—Ä–Ω–æ—Å—Ç–∏: –ü–æ—Å—Ä–µ—â.."
"–æ–±–ª–∞—Å—Ç –í—Ä–∞—Ü–∞",–†–∞–±–æ—Ç–∞,"–¢—ä—Ä—Å–∏ —É—á–∏—Ç–µ–ª, —Ç–µ–æ—Ä–µ—Ç–∏—á–Ω–æ –æ–±—É—á–µ–Ω–∏–µ",https://www.alo.bg/9159272,,"–ü—É–±–ª–∏–∫—É–≤–∞–Ω–æ –æ—Ç ‚Äù–ë—é—Ä–æ –ø–æ —Ç—Ä—É–¥–∞‚Äù: [ –î–ë–¢ - –û—Ä—è—Ö–æ–≤–æ ] –ú—è—Å—Ç–æ –Ω–∞ —Ä–∞–±–æ—Ç–∞—Ç–∞: –ù–∞—Åe–ª–µ–Ω–æ –º—è—Å—Ç–æ –∫—ä–º –æ–±—â. –û—Ä—è—Ö–æ–≤–æ, –æ–±–ª. –í—Ä–∞—Ü–∞ –ù–∞–∏–º–µ–Ω–æ–≤–∞–Ω–∏–µ –Ω–∞ –¥–ª—ä–∂–Ω–æ—Å—Ç—Ç–∞: 2320-5006 - –£—á–∏—Ç–µ–ª, —Ç–µ–æ—Ä–µ—Ç–∏—á–Ω–æ –æ–±—É—á–µ–Ω–∏–µ –û—Å–Ω–æ–≤–Ω–∏ –æ—Ç–≥–æ–≤–æ—Ä–Ω.."
"–æ–±–ª–∞—Å—Ç –í—Ä–∞—Ü–∞",–†–∞–±–æ—Ç–∞,"–¢—Ä–∞–∫–∏–π—Å–∫–∞ –ë–∞–Ω–∏—Ü–∞ –û–≤—á–∞ –ö—É–ø–µ–ª",https://www.alo.bg/9158528,,"–ë–∞–Ω–∏—á–∞—Ä–Ω–∏—Ü–∞ –æ—Ç –≤–µ—Ä–∏–≥–∞—Ç–∞ –¢—Ä–∞–∫–∏–π—Å–∫–∞ –±–∞–Ω–∏—Ü–∞ –≤ –ø–æ–¥–ª–µ–∑–∞ –Ω–∞ –º–µ—Ç—Ä–æ—Å—Ç–∞–Ω—Ü–∏—è –ú–∏–∑–∏—è —Ç—ä—Ä—Å–∏ –¥–∞ –Ω–∞–∑–Ω–∞—á–∏ –ø–µ–∫–∞—Ä–∏ –∏ –∫–∞—Å–∏–µ—Ä–∏ –Ω–∞ –ø–æ—Å—Ç–æ—è–Ω–µ–Ω —Ç—Ä—É–¥–æ–≤ –¥–æ–≥–æ–≤–æ—Ä –∏ –∫–æ–Ω–∫—É—Ä–µ–Ω—Ç–Ω–æ –∑–∞ –±—Ä–∞–Ω—à–∞ –≤—ä–∑–Ω–∞–≥—Ä–∞–∂–¥–µ–Ω–∏–µ"
